specific_capacity,voltage,direction
8.81E-06,0.64797753,charge
0.468285263,0.76867241,charge
0.936556151,0.81366628,charge
1.404829486,0.84817362,charge
1.873100603,0.87847638,charge
2.341358586,0.90624714,charge
2.809627179,0.93217349,charge
3.277901882,0.95653784,charge
3.746163497,0.97959238,charge
4.214432043,1.0015318,charge
4.68269936,1.0225394,charge
5.150962217,1.0426878,charge
5.619227441,1.0620608,charge
6.087506153,1.0807924,charge
6.555776605,1.0987908,charge
7.024041054,1.1162544,charge
7.492311472,1.1329621,charge
7.960578465,1.1489784,charge
8.428849205,1.1644677,charge
8.897118563,1.1793499,charge
9.365387903,1.1935751,charge
9.833662579,1.2071207,charge
10.3019393,1.2202499,charge
10.77021493,1.232856,charge
11.23848032,1.2449619,charge
11.70674862,1.2563918,charge
12.17500583,1.2676002,charge
12.64325936,1.2781554,charge
13.11150973,1.288371,charge
13.57976479,1.2980061,charge
14.04803252,1.3072629,charge
14.51630776,1.3160081,charge
14.98457649,1.324421,charge
15.45284397,1.3324484,charge
15.92111073,1.3399715,charge
16.38937325,1.3473839,charge
16.85763976,1.3543304,charge
17.32590898,1.3608302,charge
17.79418008,1.367242,charge
18.26245121,1.3733715,charge
18.73071178,1.3791837,charge
19.19897408,1.3847517,charge
19.66724411,1.3901591,charge
20.13551564,1.3952879,charge
20.60377976,1.4002639,charge
21.07204579,1.4049877,charge
21.54031335,1.4095857,charge
22.00857179,1.4140233,charge
22.47682877,1.4182889,charge
22.94508873,1.4223675,charge
23.41335809,1.4263085,charge
23.8816255,1.4301503,charge
24.34989368,1.4338471,charge
24.81816388,1.4373336,charge
25.28643576,1.4408852,charge
25.7547031,1.4441961,charge
26.22297315,1.4474765,charge
26.6912521,1.4506959,charge
27.15953347,1.453747,charge
27.62780701,1.4565768,charge
28.09608099,1.4594792,charge
28.56435877,1.4622173,charge
29.0326303,1.4650509,charge
29.50089922,1.4676325,charge
29.9691666,1.4701797,charge
30.43742947,1.4727459,charge
30.90569482,1.4750907,charge
31.37395811,1.4773439,charge
31.84222538,1.4798146,charge
32.3104867,1.4818578,charge
32.77875245,1.484111,charge
33.2470141,1.4862686,charge
33.71527683,1.4883575,charge
34.18353766,1.4904312,charge
34.65179764,1.4923215,charge
35.12005662,1.494296,charge
35.58832454,1.4961594,charge
36.05659039,1.4980078,charge
36.52485392,1.4998447,charge
36.99312084,1.5016816,charge
37.46138504,1.5034076,charge
37.92965302,1.5048283,charge
38.39792825,1.5066727,charge
38.86620703,1.5083531,charge
39.33448554,1.509896,charge
39.80276287,1.5114961,charge
40.27102983,1.5130198,charge
40.73930158,1.5144938,charge
41.20756769,1.5160253,charge
41.67583153,1.5173466,charge
42.14410146,1.5188588,charge
42.61236449,1.5202605,charge
43.08063597,1.5216045,charge
43.54890574,1.5229603,charge
44.01717606,1.5243236,charge
44.48544779,1.5255495,charge
44.95372074,1.526718,charge
45.42199088,1.5280814,charge
45.89025312,1.5292842,charge
46.35852014,1.5304987,charge
46.82678924,1.5317934,charge
47.29505413,1.5328703,charge
47.76332719,1.5339357,charge
48.23159659,1.5352036,charge
48.69986342,1.5362538,charge
49.16812426,1.5372658,charge
49.63638982,1.5383999,charge
50.10465376,1.5394502,charge
50.57292016,1.5405691,charge
51.04118901,1.5416001,charge
51.50946505,1.5425243,charge
51.97773703,1.5436701,charge
52.44600867,1.5446401,charge
52.91428595,1.5456177,charge
53.38256041,1.5465763,charge
53.85083628,1.5475843,charge
54.31911006,1.5484971,charge
54.78738277,1.5493296,charge
55.25566082,1.5504141,charge
55.72394461,1.5512046,charge
56.19222349,1.5520333,charge
56.66050017,1.5529232,charge
57.12877591,1.55379,charge
57.59704652,1.5546111,charge
58.06531118,1.5554284,charge
58.53357483,1.5563678,charge
59.00183761,1.5572079,charge
59.47010302,1.5579106,charge
59.93836778,1.5587889,charge
60.40663397,1.5594459,charge
60.87489813,1.560328,charge
61.34316732,1.5611337,charge
61.81143751,1.5619357,charge
62.27970889,1.5626804,charge
62.74797997,1.5635816,charge
63.21624424,1.5641698,charge
63.68451029,1.5648533,charge
64.15277195,1.565575,charge
64.62103665,1.5663502,charge
65.08928853,1.5670377,charge
65.55754922,1.5677633,charge
66.02580891,1.5685003,charge
66.49407191,1.5690808,charge
66.96233732,1.5698484,charge
67.43061006,1.5703793,charge
67.89888156,1.5711888,charge
68.36715354,1.5718113,charge
68.8354348,1.5723879,charge
69.30372348,1.5730639,charge
69.77201162,1.5737169,charge
70.24028893,1.5743508,charge
70.70855567,1.5749885,charge
71.17682656,1.5756416,charge
71.64509187,1.5763328,charge
72.11335255,1.5768141,charge
72.58160704,1.5774099,charge
73.04986048,1.5781162,charge
73.5181203,1.5786777,charge
73.98638575,1.5793077,charge
74.45464868,1.5798424,charge
74.92291773,1.5805106,charge
75.39118454,1.5809995,charge
75.85944119,1.5815685,charge
76.32770418,1.5822598,charge
76.79597993,1.5826988,charge
77.26425748,1.5832679,charge
77.7325371,1.5837682,charge
78.20081151,1.5843792,charge
78.66908054,1.5848643,charge
79.13735315,1.5854447,charge
79.60561449,1.5858533,charge
80.07388516,1.5865024,charge
80.54215368,1.5869837,charge
81.0104164,1.5874686,charge
81.47869134,1.5879689,charge
81.94696507,1.5884883,charge
82.4152393,1.5890306,charge
82.88351643,1.5895385,charge
83.35180108,1.5900807,charge
83.82008084,1.5904588,charge
84.28836279,1.59094,charge
84.75663842,1.5914937,charge
85.22490382,1.5919405,charge
85.69316342,1.5924407,charge
86.16143912,1.59288,charge
86.6297148,1.5933765,charge
87.09799256,1.5937927,charge
87.56626985,1.5942242,charge
88.03455469,1.5947131,charge
88.50282813,1.5951483,charge
88.97110003,1.5956906,charge
89.43937303,1.5961031,charge
89.90764306,1.5965155,charge
90.37590883,1.5968708,charge
90.84417773,1.5973824,charge
91.31245287,1.5977567,charge
91.78072835,1.5981959,charge
92.24900156,1.5987266,charge
92.71726778,1.5990971,charge
93.18553172,1.5994905,charge
93.65378711,1.5999219,charge
94.12203708,1.6003382,charge
94.5902947,1.6007431,charge
95.05855821,1.6012127,charge
95.52682036,1.601694,charge
95.99508603,1.6021063,charge
96.46334752,1.6024997,charge
96.93160507,1.6028854,charge
97.39986575,1.6032023,charge
97.86812909,1.6035461,charge
98.33639322,1.6040235,charge
98.80465085,1.6044626,charge
99.27291433,1.604791,charge
99.74117609,1.6051654,charge
100.2094441,1.6054708,charge
100.6777152,1.6059787,charge
101.145982,1.60633,charge
101.614244,1.6067311,charge
102.0825109,1.6070557,charge
102.5507793,1.6074605,charge
103.019045,1.6077927,charge
103.4873066,1.6080981,charge
103.9555694,1.6085756,charge
104.4238331,1.6089345,charge
104.8921048,1.6092399,charge
105.3603802,1.6095952,charge
105.8286509,1.6098931,charge
106.2969294,1.6102825,charge
106.7652073,1.6106683,charge
107.2334828,1.6110539,charge
107.7017579,1.6113557,charge
108.1700271,1.6117147,charge
108.6382869,1.6120011,charge
109.1065453,1.6123791,charge
109.5748066,1.6126541,charge
110.0430678,1.6130131,charge
110.5113381,1.61333,charge
110.9796077,1.6137655,charge
111.4478818,1.6140785,charge
111.9161678,1.6143764,charge
112.3844533,1.6146322,charge
112.8527458,1.6149989,charge
113.3210376,1.6153311,charge
113.7893239,1.6156061,charge
114.2576014,1.6160835,charge
114.7258671,1.6162859,charge
115.1941304,1.6165494,charge
115.6624014,1.6168624,charge
116.1306779,1.6172367,charge
116.5989491,1.6175307,charge
117.067223,1.6178592,charge
117.5354986,1.6181381,charge
118.0037644,1.6185161,charge
118.4720282,1.6187719,charge
118.9402999,1.6190698,charge
119.4085777,1.6194479,charge
119.8768488,1.6197228,charge
120.3451224,1.620013,charge
120.8133916,1.6202612,charge
121.2816594,1.6205362,charge
121.7499451,1.6208112,charge
122.2182354,1.6211931,charge
122.6865256,1.6214298,charge
123.1548141,1.6218079,charge
123.6231016,1.6220065,charge
124.0913947,1.6222814,charge
124.5596897,1.6226213,charge
125.0279805,1.6228504,charge
125.4962828,1.6231523,charge
125.9645928,1.6236639,charge
126.4329055,1.6237518,charge
126.90121,1.6240495,charge
127.3695032,1.6241946,charge
127.837804,1.6244888,charge
128.3061108,1.6248058,charge
128.7744044,1.6251112,charge
129.2426883,1.6253556,charge
129.7109779,1.6256611,charge
130.1792598,1.6259362,charge
130.6475454,1.6261767,charge
131.1158329,1.6264288,charge
131.584119,1.6266656,charge
132.0524082,1.6269826,charge
132.5207091,1.627246,charge
132.9890032,1.6274025,charge
133.457287,1.6277577,charge
133.9255741,1.6279907,charge
134.3938559,1.6282121,charge
134.8621359,1.6285024,charge
135.3304235,1.6287353,charge
135.7987123,1.6289148,charge
136.2669947,1.6292968,charge
136.7352752,1.6296175,charge
137.2035636,1.6298656,charge
137.6718453,1.6301826,charge
138.1401221,1.6304195,charge
138.6083924,1.6304386,charge
139.0766588,1.6308395,charge
139.5449273,1.6309923,charge
140.0131991,1.6312902,charge
140.4814678,1.6314888,charge
140.9497404,1.6317217,charge
141.4180101,1.6319431,charge
141.8862775,1.6321952,charge
142.3545458,1.6324703,charge
142.8228272,1.6326765,charge
143.2911105,1.6329209,charge
143.7593882,1.6332722,charge
144.2276576,1.6334172,charge
144.6959319,1.6336503,charge
145.1642043,1.6339558,charge
145.6324749,1.6341963,charge
146.100749,1.6343529,charge
146.569026,1.6345247,charge
147.0373076,1.6347309,charge
147.5055873,1.6350365,charge
147.973871,1.6352198,charge
148.442156,1.6353801,charge
148.9104321,1.6357163,charge
149.3787061,1.635995,charge
149.846977,1.6361363,charge
150.3152545,1.6363769,charge
150.7835236,1.6365908,charge
151.2517947,1.6367283,charge
151.7200722,1.637072,charge
152.1883566,1.6373278,charge
152.6566404,1.6374806,charge
153.1249168,1.637683,charge
153.5931943,1.6379656,charge
154.0614727,1.6381603,charge
154.52976,1.6383857,charge
154.9980435,1.6386262,charge
155.4663273,1.6387866,charge
155.9346145,1.6389852,charge
156.4029008,1.6392487,charge
156.8711783,1.6394778,charge
157.3394539,1.6396803,charge
157.8077266,1.639852,charge
158.2759945,1.6400583,charge
158.7442625,1.6403065,charge
159.2125342,1.6405356,charge
159.6808073,1.6407763,charge
160.1490805,1.6409061,charge
160.6173624,1.6412078,charge
161.0856387,1.6413451,charge
161.5539148,1.6415286,charge
162.0221892,1.6417309,charge
162.4904614,1.6419257,charge
162.9587389,1.6421243,charge
163.4270004,1.6423649,charge
163.8952576,1.6425749,charge
164.3635216,1.6426933,charge
164.8317931,1.6430523,charge
165.3000617,1.6432165,charge
165.7683281,1.643396,charge
166.2365983,1.6435449,charge
166.7048764,1.6437588,charge
167.1731574,1.6439993,charge
167.6414379,1.6441025,charge
168.1097106,1.6444957,charge
168.5779852,1.6445378,charge
169.0462572,1.6447288,charge
169.514532,1.6448969,charge
169.9828025,1.6450915,charge
170.4510794,1.6453398,charge
170.9193526,1.6455193,charge
171.3876267,1.6457484,charge
171.8558948,1.6458477,charge
172.3241686,1.646134,charge
172.7924403,1.6462641,charge
173.2607163,1.6465198,charge
173.7289813,1.6466688,charge
174.1972449,1.6468482,charge
174.6655024,1.6470468,charge
175.1337575,1.6472645,charge
175.6020135,1.647402,charge
176.0702773,1.6476045,charge
176.5385463,1.6476769,charge
177.0068196,1.6479939,charge
177.4750836,1.6480742,charge
177.943347,1.6483719,charge
178.4116136,1.64854,charge
178.8798795,1.6486584,charge
179.3481384,1.648792,charge
179.8163961,1.6490097,charge
180.2846517,1.6492465,charge
180.7529056,1.649487,charge
181.2211547,1.6496208,charge
181.6894191,1.6497811,charge
182.1576818,1.6499606,charge
182.6259523,1.6500752,charge
183.0942192,1.6503884,charge
183.5624838,1.6504685,charge
184.0307519,1.650713,charge
184.4990071,1.6507856,charge
184.9672647,1.6509612,charge
185.4355223,1.6511636,charge
185.9037794,1.6512589,charge
186.3720297,1.6514767,charge
186.8402867,1.6517211,charge
187.3085527,1.6518892,charge
187.7768143,1.6519885,charge
188.2450814,1.6521717,charge
188.7133503,1.652378,charge
189.1816235,1.6524773,charge
189.6499036,1.65263,charge
190.1181817,1.6528171,charge
190.5864523,1.6530539,charge
191.0547261,1.6531761,charge
191.5230074,1.6533175,charge
191.9912853,1.6535236,charge
192.4595523,1.6536802,charge
192.9278165,1.6538979,charge
193.3960882,1.6540278,charge
193.8643575,1.65415,charge
194.3326266,1.6543981,charge
194.8008842,1.6545165,charge
195.2691427,1.6547265,charge
195.7373995,1.6548833,charge
196.2056476,1.6550512,charge
196.6738947,1.6552041,charge
197.1421439,1.6553987,charge
197.6103864,1.6555667,charge
198.0786298,1.6556393,charge
198.5468786,1.6558837,charge
199.0151259,1.6559485,charge
199.4833856,1.6560594,charge
199.9516502,1.6563495,charge
200.4199051,1.6565329,charge
200.8881671,1.6568232,charge
201.3564239,1.6568041,charge
201.8246785,1.6570064,charge
202.2929411,1.6571707,charge
202.7612041,1.6573081,charge
203.2294678,1.6574686,charge
203.6977358,1.6576174,charge
204.1659913,1.6577053,charge
204.634252,1.6578619,charge
205.1025275,1.6580986,charge
205.5708065,1.6581864,charge
206.039078,1.6583354,charge
206.5073597,1.6585035,charge
206.9756468,1.6586447,charge
207.4439347,1.6588738,charge
207.9122126,1.6589273,charge
208.3804799,1.6592062,charge
208.8487533,1.6594505,charge
209.3170236,1.6595002,charge
209.7852977,1.6595842,charge
210.2535786,1.6598668,charge
210.7218696,1.6599545,charge
211.1901586,1.6600119,charge
211.6584472,1.6602793,charge
212.1267282,1.6603518,charge
212.5949997,1.6605465,charge
213.0632734,1.6607337,charge
213.531546,1.6608673,charge
213.9998266,1.6609857,charge
214.4681012,1.6611193,charge
214.9363791,1.6612951,charge
215.404661,1.6614172,charge
215.8729392,1.6615585,charge
216.3412189,1.6617037,charge
216.8094975,1.6619366,charge
217.2777733,1.6619902,charge
217.746054,1.6621238,charge
218.2143328,1.6622956,charge
218.6826033,1.662433,charge
219.1508786,1.662624,charge
219.61916,1.6627576,charge
220.0874462,1.6628798,charge
220.5557248,1.6630136,charge
221.0239971,1.6632046,charge
221.4922678,1.6632427,charge
221.960548,1.6634108,charge
222.4288184,1.6634451,charge
222.8970919,1.6637238,charge
223.365368,1.6638384,charge
223.8336423,1.6641096,charge
224.3019178,1.6643349,charge
224.7701986,1.6642661,charge
225.238474,1.6644571,charge
225.7067481,1.6646595,charge
226.1750204,1.6647663,charge
226.6432953,1.6649115,charge
227.1115784,1.6651216,charge
227.5798576,1.6652476,charge
228.0481343,1.6652973,charge
228.5164112,1.6655148,charge
228.984688,1.6656066,charge
229.4529546,1.6657555,charge
229.9212287,1.6658701,charge
230.3895119,1.6660763,charge
230.8577951,1.6661984,charge
231.3260826,1.6663053,charge
231.7943709,1.6663971,charge
232.2626599,1.666546,charge
232.7309383,1.6667101,charge
233.1992196,1.6668096,charge
233.6674923,1.6669623,charge
234.1357588,1.667073,charge
234.6040237,1.6671952,charge
235.0722945,1.6673861,charge
235.5405718,1.6675007,charge
236.0088521,1.6677527,charge
236.4771348,1.6678214,charge
236.945416,1.6678749,charge
237.4137022,1.6680201,charge
237.8819854,1.6681423,charge
238.3502624,1.6683484,charge
238.8185346,1.6683332,charge
239.2868193,1.6685739,charge
239.7551119,1.6685661,charge
240.2234092,1.6687877,charge
240.6916952,1.6689595,charge
241.1599775,1.6690779,charge
241.6282455,1.6692039,charge
242.0965123,1.6693375,charge
242.5647839,1.6694674,charge
243.033059,1.6695361,charge
243.5013284,1.6697004,charge
243.9696036,1.6698914,charge
244.4378808,1.6699716,charge
244.9061573,1.670086,charge
245.3744397,1.6702656,charge
245.8427223,1.670403,charge
246.3109948,1.6704031,charge
246.7792733,1.6706856,charge
247.2475625,1.6707392,charge
247.7158476,1.6709453,charge
248.1841307,1.6710484,charge
248.6524111,1.671079,charge
249.1206858,1.6712165,charge
249.5889662,1.6713654,charge
250.0572473,1.671564,charge
250.5255329,1.6715716,charge
250.9938161,1.6717625,charge
251.4621039,1.6719191,charge
251.9303861,1.6720948,charge
252.3986606,1.6721635,charge
252.8669319,1.6722094,charge
253.3352072,1.6724004,charge
253.8034835,1.6725607,charge
254.2717714,1.6726103,charge
254.7400515,1.6728243,charge
255.2083276,1.6728548,charge
255.6766115,1.6730723,charge
256.1449021,1.6731489,charge
256.6131968,1.6733741,charge
257.0814903,1.6733702,charge
257.549779,1.6734849,charge
258.0180643,1.673714,charge
258.4863468,1.6736796,charge
258.9546251,1.6738935,charge
259.4228961,1.6739584,charge
259.8911631,1.6741456,charge
260.3594318,1.6742029,charge
260.8277024,1.6743326,charge
261.2959778,1.6744549,charge
261.7642586,1.6744893,charge
262.2325296,1.6747031,charge
262.7008016,1.6748482,charge
263.1690773,1.6749284,charge
263.6373563,1.6751231,charge
264.1056385,1.6752148,charge
264.5739198,1.6753064,charge
265.0421957,1.6754211,charge
265.510464,1.6755433,charge
265.978737,1.6755815,charge
266.4470122,1.6757914,charge
266.9152875,1.6758641,charge
267.3835523,1.6760321,charge
267.8518239,1.6760855,charge
268.3201019,1.6761237,charge
268.7883793,1.6763605,charge
269.2566514,1.6764406,charge
269.7249159,1.676582,charge
270.1931737,1.676685,charge
270.66144,1.6768035,charge
271.1296989,1.6770746,charge
271.5979588,1.6771166,charge
272.0662227,1.6771243,charge
272.5344829,1.6772733,charge
273.0027429,1.6773839,charge
273.4710136,1.6774833,charge
273.9392861,1.6777085,charge
274.4075482,1.677762,charge
274.8758078,1.6779453,charge
275.3440667,1.6779988,charge
275.8123298,1.6781362,charge
276.2805914,1.6782317,charge
276.7488524,1.6783426,charge
277.2171107,1.6785334,charge
277.6853755,1.678583,charge
278.1536377,1.678774,charge
278.6218997,1.6788083,charge
279.0901623,1.6788771,charge
279.5584294,1.6790833,charge
280.0266988,1.6791331,charge
280.4949664,1.6792628,charge
280.9632367,1.6794423,charge
281.4315019,1.6795492,charge
281.8997593,1.6794806,charge
282.3680184,1.6797822,charge
282.8362751,1.6798432,charge
283.3045364,1.6799922,charge
283.7727993,1.6800343,charge
284.2410699,1.6801144,charge
284.7093386,1.6802289,charge
285.1775981,1.6804199,charge
285.6458553,1.6805345,charge
286.1141151,1.6805918,charge
286.5823729,1.6807255,charge
287.0506329,1.6809012,charge
287.518884,1.680882,charge
287.9871431,1.6810577,charge
288.4554116,1.6811455,charge
288.9236741,1.6812525,charge
289.3919299,1.6811608,charge
289.8601884,1.6814854,charge
290.3284472,1.6816267,charge
290.796709,1.6816496,charge
291.2649742,1.6817719,charge
291.7332424,1.6819971,charge
292.2015088,1.681978,charge
292.6697646,1.6821842,charge
293.1380127,1.6821461,charge
293.6062516,1.6823103,charge
294.074496,1.6824592,charge
294.5427488,1.6823064,charge
295.0109912,1.6825929,charge
295.4792412,1.6826998,charge
295.947496,1.6827991,charge
296.4157541,1.6829518,charge
296.8840159,1.683032,charge
297.3522774,1.6831084,charge
297.8205435,1.6831887,charge
298.2888069,1.6833681,charge
298.7570595,1.6834865,charge
299.2253237,1.6835819,charge
299.6935921,1.6836851,charge
300.1618666,1.6836966,charge
300.6301345,1.6838951,charge
301.098398,1.6839218,charge
301.5666607,1.6840631,charge
302.0349161,1.6841357,charge
302.5031754,1.6843687,charge
302.9714354,1.6844717,charge
303.4396945,1.6844527,charge
303.9079488,1.6846627,charge
304.3761964,1.6846894,charge
304.844454,1.6848345,charge
305.3127022,1.684888,charge
305.7809495,1.6849873,charge
306.2491975,1.6850485,charge
306.7174454,1.6851553,charge
307.1856969,1.6853194,charge
307.6539453,1.6854112,charge
308.1221936,1.6855831,charge
308.5904308,1.6855448,charge
309.0586672,1.6857511,charge
309.5269004,1.6857854,charge
309.9951465,1.6859,charge
310.4633988,1.6860031,charge
310.9316529,1.6859152,charge
311.3999022,1.6861521,charge
311.8681479,1.6862552,charge
312.336395,1.686385,charge
312.8046415,1.6864691,charge
313.2728782,1.6865339,charge
313.7411131,1.6866676,charge
314.2093604,1.6868012,charge
314.6776119,1.6869121,charge
315.1458625,1.6869502,charge
315.614109,1.6870266,charge
316.0823534,1.687145,charge
316.5506066,1.6872367,charge
317.0188588,1.6873397,charge
317.48711,1.6874237,charge
317.9553606,1.6876339,charge
318.4236159,1.6876261,charge
318.8918667,1.687714,charge
319.3601157,1.6877788,charge
319.828358,1.6879355,charge
320.296605,1.6879698,charge
320.76486,1.6881493,charge
321.2331096,1.6882753,charge
321.7013667,1.6882181,charge
322.1696309,1.6884738,charge
322.6378936,1.6884663,charge
323.106162,1.6886152,charge
323.5744432,1.6886228,charge
324.0427225,1.6887336,charge
324.5110052,1.688894,charge
324.9792902,1.688875,charge
325.4475728,1.6888673,charge
325.9158456,1.689146,charge
326.3841154,1.6892912,charge
326.8523829,1.6893561,charge
327.3206522,1.6894591,charge
327.7889248,1.6894706,charge
328.2571978,1.6895928,charge
328.7254758,1.6896464,charge
329.1937539,1.6898869,charge
329.6620247,1.6898259,charge
330.130295,1.6899939,charge
330.5985658,1.6899748,charge
331.066842,1.690181,charge
331.5351144,1.6901885,charge
332.0033859,1.690349,charge
332.4716659,1.6904674,charge
332.9399491,1.6905628,charge
333.4082335,1.6906583,charge
333.876527,1.6907881,charge
334.3448125,1.6907537,charge
334.8130899,1.6908226,charge
335.2813755,1.6909831,charge
335.749661,1.6910937,charge
336.2179459,1.6911051,charge
336.6862338,1.6912311,charge
337.1545228,1.6913724,charge
337.6228087,1.6914221,charge
338.0910919,1.6915405,charge
338.5593797,1.6915443,charge
339.0276639,1.6917046,charge
339.4959416,1.6917734,charge
339.9642074,1.6918918,charge
340.4324728,1.6918994,charge
340.9007343,1.6920102,charge
341.3689986,1.6921133,charge
341.837261,1.6922545,charge
342.305527,1.6922852,charge
342.7737844,1.6924112,charge
343.2420366,1.6924722,charge
343.7102956,1.6925753,charge
344.1785527,1.6926632,charge
344.646799,1.6926403,charge
345.1150564,1.6927587,charge
345.5833297,1.6928847,charge
346.0516018,1.6930375,charge
346.5198659,1.6930528,charge
346.9881333,1.6932971,charge
347.4563836,1.6932285,charge
347.9246313,1.6933928,charge
348.3928767,1.6934232,charge
348.8611226,1.6934843,charge
349.3293704,1.6936218,charge
349.7976302,1.693702,charge
350.2659024,1.6937402,charge
350.7341667,1.6938509,charge
351.2024428,1.6938891,charge
351.6707175,1.6939999,charge
352.1389969,1.69408,charge
352.6072726,1.69408,charge
353.0755509,1.6943282,charge
353.5438285,1.6943398,charge
354.0121091,1.6943855,charge
354.4803925,1.6944772,charge
354.9486651,1.6946338,charge
355.4169329,1.6946949,charge
355.8852024,1.6948171,charge
356.3534702,1.6949546,charge
356.8217358,1.6948857,charge
357.2900008,1.694966,charge
357.7582654,1.6951188,charge
358.2265226,1.6951798,charge
358.6947877,1.6952907,charge
359.1630473,1.6952906,charge
359.6313008,1.695302,charge
360.0995527,1.6954777,charge
360.5678061,1.6955847,charge
361.0360687,1.6957068,charge
361.5043288,1.6957833,charge
361.972587,1.6958328,charge
362.4408469,1.6958902,charge
362.9091068,1.6960391,charge
363.3773728,1.696104,charge
363.8456409,1.6960964,charge
364.3139091,1.6962682,charge
364.7821764,1.6962835,charge
365.2504475,1.6963828,charge
365.7187184,1.6964514,charge
366.1869851,1.6965585,charge
366.6552539,1.6966424,charge
367.1235249,1.6966959,charge
367.5917966,1.6968907,charge
368.0600662,1.6968524,charge
368.5283371,1.6969823,charge
368.996602,1.6970741,charge
369.4648641,1.6971543,charge
369.9331258,1.6971465,charge
370.4014015,1.6973146,charge
370.8696807,1.6973604,charge
371.3379649,1.6974406,charge
371.8062518,1.6975666,charge
372.2745342,1.6975971,charge
372.7428203,1.6977195,charge
373.211106,1.6978186,charge
373.6793927,1.6979179,charge
374.1476802,1.6980211,charge
374.6159721,1.6980555,charge
375.0842609,1.6981663,charge
375.5525459,1.6981891,charge
376.0208417,1.6982502,charge
376.4891365,1.6983954,charge
376.9574359,1.6984718,charge
377.4257376,1.698487,charge
377.8940355,1.6986015,charge
378.3623311,1.6985711,charge
378.830617,1.6988078,charge
379.298896,1.6987658,charge
379.7671722,1.6988803,charge
380.2354486,1.698972,charge
380.7037227,1.6990025,charge
381.171994,1.6990484,charge
381.6402671,1.6991936,charge
382.108536,1.6993958,charge
382.5768118,1.6993577,charge
383.0450866,1.699434,charge
383.5133583,1.6994838,charge
383.9816285,1.6995754,charge
384.4499085,1.6996212,charge
384.9181854,1.6998045,charge
385.386461,1.6997205,charge
385.8547308,1.6998847,charge
386.3229993,1.6999382,charge
386.7912706,1.700007,charge
387.2595486,1.7001749,charge
387.7278268,1.7001177,charge
388.1961034,1.7002552,charge
388.6643706,1.7003468,charge
389.1326483,1.7004575,charge
389.6009244,1.7004995,charge
390.0692042,1.7004881,charge
390.5374815,1.7006752,charge
391.0057591,1.7007744,charge
391.4740345,1.7007172,charge
391.9423073,1.7008739,charge
392.410567,1.700912,charge
392.8788246,1.700996,charge
393.3470937,1.7010609,charge
393.815364,1.701248,charge
394.2836406,1.701248,charge
394.7519097,1.7013168,charge
395.2201769,1.7013397,charge
395.6884436,1.7014314,charge
396.156697,1.7015306,charge
396.6249501,1.7016604,charge
397.0932019,1.7017865,charge
397.5614622,1.7017407,charge
398.0297295,1.7017139,charge
398.4979952,1.7017827,charge
398.966262,1.7019697,charge
399.4345327,1.7019813,charge
399.9027945,1.7021416,charge
400.3710534,1.7021952,charge
400.8393194,1.7022562,charge
401.3075741,1.7021569,charge
401.7758336,1.7023822,charge
402.2440901,1.702451,charge
402.7123511,1.7025045,charge
403.1806109,1.7026153,charge
403.6488734,1.7026687,charge
404.1171468,1.7027947,charge
404.5854151,1.7028711,charge
405.053685,1.7028406,charge
405.5219504,1.7029628,charge
405.9902186,1.7029513,charge
406.4584871,1.7031384,charge
406.9267615,1.7031727,charge
407.3950301,1.7032988,charge
407.8633048,1.7032262,charge
408.3315648,1.7033522,charge
408.7998217,1.7034402,charge
409.2680824,1.7034974,charge
409.73634,1.7035737,charge
410.2045871,1.7036959,charge
410.6728304,1.7036998,charge
411.1410769,1.7038372,charge
411.6093266,1.7039442,charge
412.0775861,1.7039365,charge
412.5458501,1.7039824,charge
413.0141093,1.7040626,charge
413.4823662,1.7041389,charge
413.9506231,1.7042115,charge
414.4188741,1.7042612,charge
414.8871255,1.7042688,charge
415.355382,1.7043986,charge
415.8236388,1.704433,charge
416.2918896,1.7044712,charge
416.760143,1.7045437,charge
417.2283934,1.7047042,charge
417.6966521,1.704834,charge
418.1649139,1.704792,charge
418.6331721,1.7049028,charge
419.1014299,1.7049943,charge
419.5696896,1.705025,charge
420.0379514,1.7051548,charge
420.5062037,1.7051624,charge
420.9744526,1.7051356,charge
421.4426992,1.7052579,charge
421.9109518,1.7054106,charge
422.3792016,1.7054373,charge
422.8474533,1.7054832,charge
423.3157058,1.7055711,charge
423.7839591,1.7054718,charge
424.2522093,1.7057352,charge
424.7204521,1.7057161,charge
425.1886931,1.7058269,charge
425.6569293,1.7058918,charge
426.1251654,1.705972,charge
426.5934055,1.7059605,charge
427.0616638,1.7061477,charge
427.5299226,1.70614,charge
427.9981797,1.7062699,charge
428.4664342,1.7063156,charge
428.9346881,1.7063539,charge
429.4029469,1.7065066,charge
429.8711998,1.7064799,charge
430.339454,1.7065257,charge
430.8077174,1.7066441,charge
431.2759833,1.706816,charge
431.7442445,1.7068388,charge
432.212498,1.7068503,charge
432.68075,1.7069153,charge
433.1490031,1.7069458,charge
433.6172533,1.7071253,charge
434.0855049,1.7071023,charge
434.5537588,1.7070565,charge
435.0220158,1.7072399,charge
435.4902698,1.7073123,charge
435.9585198,1.7073085,charge
436.4267718,1.7073697,charge
436.8950127,1.7074842,charge
437.3632513,1.7075301,charge
437.8315013,1.7076294,charge
438.2997528,1.7076981,charge
438.7680035,1.7077439,charge
439.2362616,1.707786,charge
439.7045251,1.7079501,charge
440.1727902,1.7080075,charge
440.6410554,1.7080495,charge
441.1093189,1.7081029,charge
441.5775705,1.7080456,charge
442.0458264,1.7082251,charge
442.5140907,1.7082288,charge
442.9823635,1.708374,charge
443.4506428,1.7083778,charge
443.9189134,1.708416,charge
444.3871825,1.7085459,charge
444.8554528,1.7085879,charge
445.3237192,1.7086146,charge
445.7919835,1.7087522,charge
446.2602479,1.7087445,charge
446.7285182,1.7088553,charge
447.1967874,1.7088553,charge
447.6650483,1.7089621,charge
448.1333168,1.7090157,charge
448.6015862,1.7090958,charge
449.069859,1.7091454,charge
449.5381182,1.7091531,charge
450.0063678,1.7092752,charge
450.474614,1.7092716,charge
450.9428593,1.7094702,charge
451.4111129,1.7094777,charge
451.879369,1.7094929,charge
452.3476305,1.7096457,charge
452.815892,1.7097298,charge
453.2841538,1.7097374,charge
453.7524206,1.7097603,charge
454.2206938,1.7098939,charge
454.6889638,1.7099016,charge
455.1572407,1.7099894,charge
455.6255127,1.7100086,charge
456.0937921,1.7100964,charge
456.5620802,1.7101116,charge
457.0303734,1.71023,charge
457.4986619,1.7103751,charge
457.9669484,1.710314,charge
458.4352305,1.7103217,charge
458.9035127,1.710631,charge
459.3717916,1.7105126,charge
459.8400704,1.7106043,charge
460.308346,1.7107227,charge
460.7766227,1.7107303,charge
461.2449027,1.7107303,charge
461.7131885,1.7107685,charge
462.1814679,1.710822,charge
462.6497475,1.7110243,charge
463.1180294,1.7110281,charge
463.5863135,1.7110664,charge
464.0545858,1.711116,charge
464.5228563,1.7111849,charge
464.9911437,1.7111924,charge
465.4594402,1.7113298,charge
465.9277293,1.7113605,charge
466.3960145,1.7114558,charge
466.8642994,1.7114826,charge
467.3325806,1.7115514,charge
467.8008608,1.711536,charge
468.2691347,1.7116698,charge
468.7374101,1.7118416,charge
469.2056891,1.7118301,charge
469.6739606,1.7118722,charge
470.142247,1.7119027,charge
470.6105332,1.712002,charge
471.0788269,1.7120173,charge
471.5471179,1.712086,charge
472.0153995,1.712212,charge
472.4836801,1.7122235,charge
472.9519566,1.7123533,charge
473.4202383,1.7123495,charge
473.8885251,1.7124183,charge
474.3568029,1.7124755,charge
474.825079,1.7124717,charge
475.293351,1.7125329,charge
475.7616258,1.7126282,charge
476.2298911,1.7127466,charge
476.6981592,1.7128804,charge
477.1664266,1.7129452,charge
477.6346988,1.7128803,charge
478.1029743,1.7128956,charge
478.5712418,1.7130369,charge
479.0395077,1.7131095,charge
479.5077725,1.7130712,charge
479.9760397,1.7131935,charge
480.4443062,1.7132241,charge
480.9125714,1.7132775,charge
481.3808347,1.7133194,charge
481.8490914,1.713396,charge
482.3173534,1.7135029,charge
482.7856169,1.7135944,charge
483.2538854,1.7135639,charge
483.7221538,1.7135754,charge
484.1904213,1.7136747,charge
484.6586886,1.713835,charge
485.1269625,1.7138197,charge
485.5952387,1.7139382,charge
486.0635203,1.7139496,charge
486.5317942,1.7140069,charge
487.0000626,1.7139649,charge
487.4683242,1.7141405,charge
487.9365937,1.714152,charge
488.4048575,1.7142971,charge
488.8731196,1.7142895,charge
489.3413907,1.7143965,charge
489.8096712,1.7144041,charge
490.2779522,1.7144346,charge
490.7462308,1.7144804,charge
491.2145133,1.7145606,charge
491.6827932,1.7146447,charge
492.1510638,1.7147402,charge
492.6193363,1.7147402,charge
493.0875995,1.7147707,charge
493.5558638,1.7148318,charge
494.0241308,1.7148852,charge
494.4923928,1.7150265,charge
494.9606494,1.7150992,charge
495.4289077,1.71508,charge
495.8971703,1.7150646,charge
496.3654302,1.7152405,charge
496.8336969,1.7152098,charge
497.3019647,1.7153703,charge
497.7702424,1.7153549,charge
498.2385243,1.7154771,charge
498.7068021,1.7154275,charge
499.1750812,1.715458,charge
499.6433606,1.7156719,charge
500.1116404,1.7157024,charge
500.5799239,1.7157445,charge
501.0482152,1.7157558,charge
501.5164903,1.7157941,charge
501.9847512,1.715924,charge
502.4530082,1.7158896,charge
502.921272,1.716027,charge
503.3895355,1.7159889,charge
503.857801,1.7161608,charge
504.3260632,1.7162447,charge
504.794324,1.7162142,charge
505.2625964,1.7162715,charge
505.7308661,1.7162676,charge
506.1991333,1.7163402,charge
506.6674055,1.7164319,charge
507.1356855,1.7166113,charge
507.6039745,1.7165579,charge
508.0722631,1.7166266,charge
508.5405435,1.7166114,charge
509.008821,1.7167259,charge
509.477105,1.7167374,charge
509.9453914,1.7168022,charge
510.4136723,1.7169054,charge
510.8819642,1.7169894,charge
511.3502545,1.716997,charge
511.8185508,1.7170544,charge
512.2868434,1.7171001,charge
512.755118,1.7171537,charge
513.2233921,1.7173064,charge
513.6916678,1.7172568,charge
514.1599372,1.7172835,charge
514.6281985,1.717379,charge
515.0964673,1.717463,charge
515.564739,1.7174706,charge
516.0330078,1.7175585,charge
516.5012763,1.7176348,charge
516.9695488,1.7176768,charge
517.4378318,1.7177722,charge
517.9061139,1.7177914,charge
518.3743947,1.7178601,charge
518.8426641,1.7178297,charge
519.3109388,1.7179251,charge
519.7792068,1.7180778,charge
520.2474691,1.718074,charge
520.715731,1.7180893,charge
521.1839936,1.7181427,charge
521.6522554,1.7182497,charge
522.1205159,1.7183679,charge
522.5887735,1.7184138,charge
523.0570324,1.7183031,charge
523.5253023,1.7184215,charge
523.9935789,1.7185438,charge
524.4618559,1.7185247,charge
524.9301238,1.7186965,charge
525.3983957,1.7187157,charge
525.8666687,1.7187271,charge
526.3349462,1.718811,charge
526.8032298,1.7188301,charge
527.2715069,1.7188951,charge
527.7397927,1.7189409,charge
528.2080693,1.7189829,charge
528.6763428,1.719044,charge
529.1446138,1.7190517,charge
529.612885,1.7191204,charge
530.0811575,1.7192197,charge
530.5494246,1.719319,charge
531.0176903,1.7193419,charge
531.4859555,1.7194641,charge
531.9542136,1.719445,charge
532.4224809,1.7194641,charge
532.8907528,1.719506,charge
533.3590151,1.7195901,charge
533.8272835,1.7196894,charge
534.2955547,1.7197313,charge
534.763827,1.7197696,charge
535.2321001,1.7197925,charge
535.7003697,1.7199109,charge
536.1686386,1.7198611,charge
536.6369113,1.7198803,charge
537.1051908,1.7200446,charge
537.5734621,1.7201171,charge
538.0417348,1.7201018,charge
538.5100011,1.7200866,charge
538.9782665,1.7202469,charge
539.4465348,1.7203577,charge
539.9148011,1.7203882,charge
540.3830692,1.7203653,charge
540.8513375,1.7205027,charge
541.3196025,1.7206365,charge
541.7878746,1.7205753,charge
542.2561514,1.7206861,charge
542.7244162,1.7206517,charge
543.1926878,1.720751,charge
543.6609534,1.7207739,charge
544.129225,1.7208236,charge
544.5974983,1.7208732,charge
545.0657649,1.7210298,charge
545.5340349,1.7209268,charge
546.0023029,1.7210412,charge
546.4705702,1.7210833,charge
546.9388324,1.7211864,charge
547.4070848,1.7211252,charge
547.8753392,1.7212551,charge
548.3436038,1.72132,charge
548.8118699,1.7213888,charge
549.2801454,1.7212933,charge
549.74843,1.7214613,charge
550.216712,1.7215301,charge
550.6849946,1.7216065,charge
551.153281,1.7216294,charge
551.6215713,1.7216331,charge
552.0898644,1.7217057,charge
552.5581515,1.7217708,charge
553.0264261,1.7217821,charge
553.4946967,1.7218318,charge
553.9629605,1.7219502,charge
554.4312202,1.7220342,charge
554.8994809,1.7220227,charge
555.3677402,1.7220989,charge
555.8359995,1.7222251,charge
556.3042616,1.7221906,charge
556.7725303,1.7221907,charge
557.240804,1.7221677,charge
557.7090871,1.7222289,charge
558.1773671,1.722416,charge
558.6456433,1.7224427,charge
559.1139187,1.722542,charge
559.5821925,1.7225115,charge
560.0504576,1.7226834,charge
560.5187173,1.7226681,charge
560.9869747,1.7226986,charge
561.4552385,1.722733,charge
561.9235055,1.7228552,charge
562.3917738,1.7228055,charge
562.8600464,1.7229125,charge
563.3283212,1.7229545,charge
563.7965905,1.7230386,charge
564.2648482,1.7230614,charge
564.733118,1.7231493,charge
565.2013889,1.7232219,charge
565.6696607,1.7232028,charge
566.1379342,1.7233211,charge
566.6062076,1.7232103,charge
567.0744787,1.7233669,charge
567.5427608,1.7233937,charge
568.0110488,1.723493,charge
568.4793282,1.7234929,charge
568.9476109,1.7235426,charge
569.4158959,1.7237221,charge
569.8841793,1.7237831,charge
570.3524616,1.7237374,charge
570.8207403,1.7238405,charge
571.2890102,1.7238824,charge
571.7572717,1.7239512,charge
572.2255297,1.7239436,charge
572.6937819,1.7240237,charge
573.1620375,1.7240161,charge
573.6302939,1.724169,charge
574.0985393,1.7239817,charge
574.5667861,1.7242376,charge
575.0350275,1.7241842,charge
575.5032734,1.7243294,charge
575.9715069,1.7243103,charge
576.4397429,1.7243675,charge
576.9079814,1.7244285,charge
577.3762235,1.7245088,charge
577.8444706,1.7245278,charge
578.3127217,1.724589,charge
578.7809789,1.7246271,charge
579.2492351,1.7247303,charge
579.7174842,1.7246845,charge
580.1857304,1.7247684,charge
580.6539776,1.7248868,charge
581.1222267,1.7248944,charge
581.5904824,1.7249594,charge
582.0587479,1.7250968,charge
582.5270149,1.7250817,charge
582.9952812,1.725135,charge
583.4635395,1.7250663,charge
583.9317927,1.725177,charge
584.4000498,1.7252879,charge
584.8683026,1.725242,charge
585.3365687,1.7254138,charge
585.8048381,1.7253337,charge
586.2731021,1.7254406,charge
586.7413648,1.7255132,charge
587.209634,1.7255704,charge
587.6779077,1.72575,charge
588.1461777,1.7256354,charge
588.6144427,1.7256507,charge
589.082709,1.7257117,charge
589.5509764,1.7258798,charge
590.0192376,1.7257919,charge
590.4874983,1.7259332,charge
590.9557596,1.7260592,charge
591.4240187,1.7259982,charge
591.8922777,1.7260822,charge
592.3605417,1.7260975,charge
592.8287998,1.7261853,charge
593.2970528,1.7261624,charge
593.7652983,1.7262349,charge
594.2335487,1.7264564,charge
594.7018063,1.7263112,charge
595.1700693,1.7264143,charge
595.6383425,1.7265061,charge
596.106611,1.7265176,charge
596.5748791,1.726571,charge
597.043141,1.7265403,charge
597.5114051,1.7266474,charge
597.9796699,1.726655,charge
598.4479263,1.7267734,charge
598.9161822,1.7268192,charge
599.3844461,1.7268001,charge
599.8527144,1.7269109,charge
600.3209844,1.7269833,charge
600.7892577,1.7270178,charge
601.2575213,1.7271439,charge
601.7257919,1.7270942,charge
602.1940607,1.7271744,charge
602.6623378,1.7272813,charge
603.1306198,1.7272508,charge
603.5989017,1.7273004,charge
604.0671786,1.7273883,charge
604.5354466,1.7273805,charge
605.0037135,1.7274914,charge
605.4719865,1.7275181,charge
605.940253,1.7275982,charge
606.4085177,1.7276096,charge
606.8767864,1.7276708,charge
607.3450636,1.7277434,charge
607.8133398,1.7277968,charge
608.2816069,1.7278618,charge
608.7498777,1.7278618,charge
609.2181433,1.7277128,charge
609.6864044,1.7279458,charge
610.1546747,1.728003,charge
610.6229424,1.7279801,charge
611.0912008,1.7280871,charge
611.5594609,1.7281597,charge
612.0277189,1.728171,charge
612.4959728,1.7282131,charge
612.9642269,1.7283238,charge
613.4324796,1.7283009,charge
613.9007405,1.7283429,charge
614.3690016,1.7284803,charge
614.8372564,1.7285072,charge
615.3055172,1.7285569,charge
615.7737792,1.7285416,charge
616.2420445,1.7286446,charge
616.7103105,1.7287172,charge
617.1785806,1.7288013,charge
617.6468569,1.7287897,charge
618.1151297,1.7288089,charge
618.5833981,1.7288699,charge
619.051662,1.7288814,charge
619.5199299,1.728954,charge
619.9882014,1.7290571,charge
620.4564759,1.7290952,charge
620.924752,1.7291106,charge
621.3930342,1.7291753,charge
621.8613075,1.7291372,charge
622.3295783,1.7292824,charge
622.7978424,1.729225,charge
623.2661077,1.7293626,charge
623.7343792,1.7294352,charge
624.2026564,1.7295077,charge
624.670941,1.7295115,charge
625.1392294,1.7295612,charge
625.6075141,1.7296642,charge
626.0757945,1.7296222,charge
626.5440712,1.7296948,charge
627.0123408,1.7298093,charge
627.4806111,1.7298094,charge
627.9488794,1.7299278,charge
628.4171429,1.729882,charge
628.8854081,1.7299163,charge
629.3536779,1.7299507,charge
629.8219529,1.7300881,charge
630.2902248,1.7302409,charge
630.7584969,1.7301722,charge
631.2267642,1.7301378,charge
631.695027,1.7302562,charge
632.1632904,1.7302371,charge
632.6315555,1.7303631,charge
633.0998183,1.7304395,charge
633.5680736,1.7304662,charge
634.036331,1.7305388,charge
634.5045865,1.730516,charge
634.9728444,1.7305541,charge
635.4411109,1.7305961,charge
635.9093735,1.7306151,charge
636.3776273,1.7307602,charge
636.8458884,1.7308176,charge
637.3141442,1.7307793,charge
637.7823959,1.7309054,charge
638.2506512,1.730978,charge
638.7189117,1.7309626,charge
639.1871729,1.7310543,charge
639.6554419,1.7309895,charge
640.1237207,1.731104,charge
640.5919998,1.7312415,charge
641.0602743,1.73123,charge
641.5285579,1.7312146,charge
641.9968384,1.731272,charge
642.4651249,1.7314324,charge
642.9334175,1.7314438,charge
643.4017007,1.7314209,charge
643.8699881,1.7315546,charge
644.338285,1.7316042,charge
644.8065807,1.7316042,charge
645.274867,1.7316654,charge
645.743151,1.7316577,charge
646.2114333,1.7317876,charge
646.6797195,1.7318449,charge
647.1480059,1.7318295,charge
647.6163063,1.7318448,charge
648.0846026,1.7318295,charge
648.5529004,1.7319441,charge
649.0211996,1.7320702,charge
649.4894887,1.732116,charge
649.9577731,1.7321581,charge
650.4260519,1.7322075,charge
650.8943376,1.732242,charge
651.3626296,1.7322955,charge
651.8309239,1.7323108,charge
652.2992213,1.7323259,charge
652.7675255,1.7324368,charge
653.2358171,1.7324444,charge
653.7041022,1.7325475,charge
654.1723936,1.7326124,charge
654.6406884,1.7326392,charge
655.1089806,1.7326239,charge
655.5772674,1.7327538,charge
656.0455464,1.7328798,charge
656.5138186,1.7327843,charge
656.9820892,1.7328529,charge
657.4503613,1.7328721,charge
657.9186288,1.7329944,charge
658.3868899,1.7330248,charge
658.8551483,1.7331777,charge
659.3234053,1.7331433,charge
659.7916699,1.7330822,charge
660.2599377,1.7330898,charge
660.7282015,1.7332044,charge
661.1964642,1.733273,charge
661.6647182,1.733338,charge
662.1329697,1.7333877,charge
662.601226,1.7333915,charge
663.069484,1.7334946,charge
663.5377366,1.7334946,charge
664.0059945,1.7334985,charge
664.474258,1.7335711,charge
664.9425221,1.7336434,charge
665.4107739,1.7337123,charge
665.87902,1.7337238,charge
666.3472757,1.7338039,charge
666.8155331,1.7338192,charge
667.2837918,1.7340101,charge
667.752054,1.7338573,charge
668.2203158,1.7340789,charge
668.6885819,1.7340674,charge
669.1568509,1.7341285,charge
669.625121,1.7341399,charge
670.0933861,1.7341858,charge
670.5616462,1.7342469,charge
671.0299068,1.734247,charge
671.498162,1.7343233,charge
671.9664229,1.7344035,charge
672.4346877,1.7344148,charge
672.9029577,1.7344989,charge
673.3712316,1.7346135,charge
673.8395014,1.7345104,charge
674.3077735,1.7346708,charge
674.7760402,1.7346785,charge
675.2443185,1.7347205,charge
675.7125979,1.7347701,charge
676.1808742,1.7347816,charge
676.6491574,1.734919,charge
677.1174366,1.7349458,charge
677.5857187,1.7349343,charge
678.0539964,1.7351023,charge
678.522273,1.735064,charge
678.99054,1.7351215,charge
679.4588105,1.7351787,charge
679.927088,1.7351825,charge
680.3953602,1.7352588,charge
680.8636382,1.735255,charge
681.3319146,1.7353276,charge
681.8001917,1.7354077,charge
682.2684601,1.7354423,charge
682.7367196,1.7354499,charge
683.2049842,1.7355071,charge
683.6732589,1.7355415,charge
684.1415184,1.7354956,charge
684.6097703,1.7356789,charge
685.0780349,1.7357591,charge
685.5463051,1.7358203,charge
686.0145749,1.7357669,charge
686.4828423,1.7359425,charge
686.9511066,1.7359158,charge
687.4193801,1.7359501,charge
687.8876512,1.7360609,charge
688.3559242,1.7362213,charge
688.8241992,1.736099,charge
689.2924704,1.7361678,charge
689.7607447,1.736248,charge
690.2290119,1.7362556,charge
690.6972722,1.7363626,charge
691.1655186,1.7364123,charge
691.6337619,1.7363319,charge
692.1020112,1.7364542,charge
692.570276,1.7364314,charge
693.0385361,1.7365116,charge
693.5068005,1.7366375,charge
693.9750743,1.7366146,charge
694.4433505,1.7366985,charge
694.9116295,1.7367598,charge
695.379909,1.7367978,charge
695.8481863,1.7368475,charge
696.3164655,1.7368323,charge
696.7847385,1.7369354,charge
697.2530086,1.736943,charge
697.7212703,1.7369927,charge
698.1895294,1.7370538,charge
698.6577813,1.7370653,charge
699.1260357,1.7371607,charge
699.5942979,1.7372142,charge
700.0625644,1.7372752,charge
700.5308318,1.7373058,charge
700.9990974,1.7372829,charge
701.4673607,1.737367,charge
701.9356309,1.737451,charge
702.4039126,1.7375159,charge
702.8721824,1.737512,charge
703.3404471,1.7375768,charge
703.8087111,1.7376381,charge
704.2769839,1.7376953,charge
704.7452559,1.7377526,charge
705.2135334,1.7377335,charge
705.6818008,1.7377565,charge
706.1500703,1.7378672,charge
706.6183357,1.737913,charge
707.0866041,1.7379475,charge
707.5548655,1.7380391,charge
708.0231264,1.7380543,charge
708.4913999,1.7380314,charge
708.9596768,1.7381269,charge
709.4279406,1.7381574,charge
709.8962067,1.7381842,charge
710.3644741,1.7382262,charge
710.8327387,1.7383255,charge
711.3010062,1.7384362,charge
711.7692774,1.7384057,charge
712.237549,1.7384399,charge
712.7058253,1.7384782,charge
713.1741006,1.7385813,charge
713.6423688,1.7386844,charge
714.1106355,1.7386423,charge
714.5789058,1.7387418,charge
715.0471701,1.7387608,charge
715.5154389,1.738818,charge
715.9837169,1.7388868,charge
716.4520019,1.7389518,charge
716.9202826,1.7389593,charge
717.3885614,1.7390969,charge
717.8568413,1.7391542,charge
718.3251263,1.7391275,charge
718.7934087,1.7391427,charge
719.2616872,1.7391579,charge
719.7299628,1.7391695,charge
720.1982347,1.7392993,charge
720.6665007,1.7393107,charge
721.1347727,1.7394444,charge
721.6030481,1.7394596,charge
722.0713229,1.7394749,charge
722.5395961,1.7395589,charge
723.0078624,1.7395551,charge
723.4761305,1.7396085,charge
723.944398,1.7397307,charge
724.4126656,1.7397804,charge
724.8809414,1.7397766,charge
725.3492175,1.7398225,charge
725.8174908,1.739895,charge
726.2857622,1.7399026,charge
726.7540309,1.7399752,charge
727.2222977,1.7399791,charge
727.6905546,1.7400669,charge
728.1588099,1.74017,charge
728.6270695,1.7400745,charge
729.0953299,1.7401395,charge
729.563592,1.7402502,charge
730.0318611,1.7403457,charge
730.5001351,1.7404182,charge
730.968399,1.7403761,charge
731.4366568,1.7405061,charge
731.9049196,1.740487,charge
732.3731797,1.740464,charge
732.8414371,1.7405137,charge
733.3096972,1.7406015,charge
733.7779482,1.7407237,charge
734.2462009,1.7407428,charge
734.7144518,1.7408229,charge
735.1827036,1.7408726,charge
735.650958,1.7408575,charge
736.1192041,1.7408917,charge
736.5874611,1.7409528,charge
737.0557165,1.7410445,charge
737.523958,1.7411324,charge
737.9921973,1.7411132,charge
738.4604352,1.7411591,charge
738.9286816,1.7412087,charge
739.3969184,1.7412201,charge
739.8651535,1.7412392,charge
740.3333949,1.7412354,charge
740.8016376,1.7413691,charge
741.2698829,1.7414263,charge
741.7381303,1.7414607,charge
742.2063803,1.7416326,charge
742.6746357,1.7416211,charge
743.142897,1.741625,charge
743.6111587,1.7416021,charge
744.0794242,1.7418693,charge
744.5476869,1.7417471,charge
745.0159339,1.7417891,charge
745.4841793,1.7418503,charge
745.9524183,1.7418809,charge
746.4206622,1.7419419,charge
746.8889113,1.7419726,charge
747.357153,1.7420642,charge
747.8254064,1.7420946,charge
748.2936541,1.7422894,charge
748.7619011,1.7422589,charge
749.2301545,1.7422398,charge
749.6984035,1.7423009,charge
750.166644,1.7423199,charge
750.6348878,1.7423468,charge
751.1031411,1.7424154,charge
751.5713974,1.7425263,charge
752.0396465,1.7426064,charge
752.5079002,1.7426025,charge
752.9761591,1.7426445,charge
753.4444199,1.7426218,charge
753.9126729,1.7427133,charge
754.38093,1.742721,charge
754.8491813,1.7428126,charge
755.3174364,1.7428699,charge
755.7856971,1.7429425,charge
756.2539562,1.7429425,charge
756.722205,1.7429653,charge
757.1904447,1.7430837,charge
757.6586878,1.7431984,charge
758.1269325,1.7431946,charge
758.5951762,1.7432671,charge
759.0634191,1.7432861,charge
759.5316554,1.7432289,charge
759.9998878,1.7433167,charge
760.4681269,1.7433589,charge
760.9363748,1.743435,charge
761.4046264,1.7435421,charge
761.8728744,1.7435153,charge
762.3411307,1.7435879,charge
762.8093785,1.7436222,charge
763.2776319,1.7437102,charge
763.7458941,1.743691,charge
764.2141494,1.7437482,charge
764.6824064,1.7438704,charge
765.150672,1.7438819,charge
765.6189358,1.7439239,charge
766.0871939,1.7438667,charge
766.5554424,1.7439851,charge
767.0236919,1.7440002,charge
767.4919443,1.7440766,charge
767.9601925,1.7441645,charge
768.4284305,1.7441875,charge
768.8966825,1.7442409,charge
769.3649326,1.7443516,charge
769.8331774,1.744302,charge
770.3014331,1.7443478,charge
770.7696785,1.7444776,charge
771.2379279,1.7444814,charge
771.7061807,1.7445121,charge
772.1744402,1.7446266,charge
772.6426979,1.7447106,charge
773.1109499,1.7447296,charge
773.5792016,1.744722,charge
774.0474508,1.7448213,charge
774.5157102,1.7448213,charge
774.9839573,1.7448595,charge
775.4522056,1.7449397,charge
775.9204635,1.7449818,charge
776.3887305,1.7450734,charge
776.8570037,1.7451384,charge
777.3252813,1.7452414,charge
777.7935505,1.7451537,charge
778.2618091,1.7451307,charge
778.7300684,1.7452567,charge
779.1983412,1.7453866,charge
779.6666169,1.7453139,charge
780.1348898,1.7453216,charge
780.6031634,1.7456348,charge
781.0714462,1.7453942,charge
781.5397339,1.7455356,charge
782.0080215,1.7455126,charge
782.4763061,1.7456081,charge
782.9445805,1.7456653,charge
783.4128574,1.7457876,charge
783.8811364,1.7457761,charge
784.3494174,1.7457646,charge
784.8176942,1.7457492,charge
785.2859687,1.7458524,charge
785.7542406,1.7460166,charge
786.22252,1.7460014,charge
786.6907995,1.7459937,charge
787.1590778,1.7461312,charge
787.6273562,1.7462496,charge
788.0956389,1.7461694,charge
788.563917,1.7462573,charge
789.0321925,1.7463336,charge
789.5004641,1.7463489,charge
789.9687329,1.7463909,charge
790.4369943,1.7464253,charge
790.9052635,1.7465055,charge
791.3735329,1.7465092,charge
791.8418002,1.7464978,charge
792.3100651,1.7465857,charge
792.7783285,1.7467421,charge
793.2465915,1.7467499,charge
793.7148534,1.746811,charge
794.1831135,1.7468606,charge
794.6513746,1.7468606,charge
795.1196327,1.7468644,charge
795.5878961,1.7469866,charge
796.0561508,1.7469561,charge
796.5244093,1.7471164,charge
796.9926618,1.747189,charge
797.4609151,1.7472235,charge
797.9291761,1.7472006,charge
798.3974397,1.747296,charge
798.8657051,1.7473036,charge
799.333962,1.7473036,charge
799.8022157,1.7474182,charge
800.2704706,1.7473762,charge
800.7387237,1.7475901,charge
801.2069836,1.7475671,charge
801.6752367,1.747632,charge
802.1434878,1.7476931,charge
802.611743,1.7476856,charge
803.0799952,1.7477008,charge
803.5482488,1.7477696,charge
804.0165152,1.7478535,charge
804.4847824,1.7478343,charge
804.9530566,1.7479644,charge
805.4213262,1.7479835,charge
805.889586,1.7481133,charge
806.3578417,1.7481781,charge
806.8260979,1.7480941,charge
807.2943495,1.74814,charge
807.7626085,1.7483615,charge
808.2308719,1.7482774,charge
808.6991395,1.7483003,charge
809.1674121,1.7484034,charge
809.6356845,1.7484645,charge
810.1039679,1.7485677,charge
810.5722382,1.7485104,charge
811.0405055,1.7486136,charge
811.5087758,1.7486441,charge
811.9770474,1.7486019,charge
812.4453271,1.7487282,charge
812.9135979,1.7487433,charge
813.3818599,1.7487625,charge
813.850119,1.7488312,charge
814.3183857,1.74898,charge
814.7866526,1.7489802,charge
815.2549184,1.7489762,charge
815.7231933,1.7490947,charge
816.1914692,1.7491596,charge
816.659746,1.7490946,charge
817.1280161,1.7491443,charge
817.5962799,1.7491137,charge
818.0645583,1.7492589,charge
818.5328269,1.7493123,charge
819.0010844,1.7493696,charge
819.4693512,1.7493734,charge
819.9376254,1.7494727,charge
820.4058948,1.749488,charge
820.8741555,1.7495606,charge
821.3424129,1.7496254,charge
821.8106655,1.7495949,charge
822.2789119,1.7496065,charge
822.7471606,1.749763,charge
823.2154136,1.7497783,charge
823.6836711,1.7497553,charge
824.1519244,1.7498928,charge
824.6201693,1.7499195,charge
825.0884178,1.7500112,charge
825.5566674,1.7500608,charge
826.0249219,1.7500991,charge
826.493179,1.7501601,charge
826.9614413,1.7501373,charge
827.4296892,1.7502327,charge
827.8979382,1.7502213,charge
828.3661943,1.7503282,charge
828.8344369,1.7504313,charge
829.3026909,1.7504045,charge
829.7709434,1.7504351,charge
830.2391952,1.7504848,charge
830.7074468,1.7506604,charge
831.1756919,1.7506298,charge
831.6439385,1.7506337,charge
832.112191,1.7506986,charge
832.5804503,1.7506909,charge
833.0486933,1.750836,charge
833.5169321,1.7508514,charge
833.9851707,1.7508743,charge
834.4534208,1.7509239,charge
834.9216678,1.7510613,charge
835.3899155,1.7510155,charge
835.8581686,1.7511454,charge
836.326423,1.7511568,charge
836.7946763,1.7511225,charge
837.262935,1.7512141,charge
837.7311856,1.7513057,charge
838.1994399,1.7512828,charge
838.6677018,1.7513516,charge
839.1359589,1.7513211,charge
839.6042124,1.7514164,charge
840.0724642,1.7514814,charge
840.5407112,1.7515349,charge
841.0089546,1.7515732,charge
841.4772,1.7516419,charge
841.9454426,1.7517831,charge
842.4136855,1.7518061,charge
842.8819342,1.7518213,charge
843.3501822,1.7518862,charge
843.8184346,1.7519206,charge
844.2866902,1.7519741,charge
844.7549414,1.7519894,charge
845.2231962,1.7520275,charge
845.6914542,1.7520734,charge
846.159714,1.7521727,charge
846.6279678,1.7521727,charge
847.0962134,1.7520276,charge
847.5644575,1.752249,charge
848.0327008,1.7523408,charge
848.500942,1.7523254,charge
848.9691798,1.7523025,charge
849.4374188,1.7525353,charge
849.9056606,1.7524629,charge
850.3739044,1.7526271,charge
850.8421467,1.7526042,charge
851.3103911,1.7526233,charge
851.7786482,1.7527684,charge
852.2469072,1.7528065,charge
852.7151602,1.7528105,charge
853.1834111,1.752818,charge
853.6516625,1.7528868,charge
854.119915,1.7529784,charge
854.5881701,1.7530013,charge
855.0564279,1.7530549,charge
855.5246834,1.7531159,charge
855.9929326,1.7532076,charge
856.4611748,1.7531923,charge
856.9294219,1.7532419,charge
857.3976797,1.7533298,charge
857.8659301,1.7533526,charge
858.3341804,1.7533947,charge
858.802437,1.7533985,charge
859.2706921,1.7534596,charge
859.7389464,1.753345,charge
860.2072026,1.7535781,charge
860.675456,1.7536812,charge
861.1437134,1.7535933,charge
861.6119722,1.7537193,charge
862.0802294,1.7537918,charge
862.5484825,1.753769,charge
863.0167403,1.7538033,charge
863.4850024,1.7539446,charge
863.9532661,1.753979,charge
864.4215283,1.7540897,charge
864.8897829,1.7539713,charge
865.3580299,1.7541318,charge
865.8262809,1.7542005,charge
866.2945327,1.754189,charge
866.7627906,1.7542959,charge
867.2310365,1.7542731,charge
867.6992812,1.754319,charge
868.1675269,1.7543342,charge
868.6357827,1.7544793,charge
869.1040471,1.7544869,charge
869.5723142,1.7545748,charge
870.0405801,1.7546091,charge
870.508848,1.7545786,charge
870.9771115,1.7546321,charge
871.4453756,1.7547199,charge
871.9136314,1.7547543,charge
872.3818848,1.7547505,charge
872.8501415,1.7549299,charge
873.3183879,1.7549032,charge
873.7866321,1.7549452,charge
874.254871,1.7550521,charge
874.723107,1.7550826,charge
875.1913491,1.7550902,charge
875.6595827,1.7551743,charge
876.1278184,1.755224,charge
876.5960619,1.75535,charge
877.0643028,1.7553347,charge
877.5325598,1.755373,charge
878.0008219,1.7554455,charge
878.4690805,1.7555524,charge
878.9373282,1.755518,charge
879.4055739,1.7555906,charge
879.8738104,1.7556403,charge
880.3420567,1.7558044,charge
880.810303,1.7556554,charge
881.2785576,1.7557929,charge
881.7468126,1.7558464,charge
882.2150731,1.7559533,charge
882.6833364,1.7559228,charge
883.151599,1.7559266,charge
883.6198504,1.7560145,charge
884.0881032,1.7560946,charge
884.5563555,1.756068,charge
885.0246041,1.7561405,charge
885.4928601,1.7562321,charge
885.9611217,1.7562512,charge
886.4293793,1.756255,charge
886.8976318,1.7563963,charge
887.3658802,1.7564383,charge
887.8341203,1.756385,charge
888.3023538,1.7565033,charge
888.7705961,1.7565339,charge
889.2388436,1.7566408,charge
889.7070855,1.756633,charge
890.1753337,1.7567363,charge
890.6435852,1.7567821,charge
891.1118413,1.7568469,charge
891.5801016,1.7568164,charge
892.0483605,1.7569387,charge
892.5166183,1.757015,charge
892.9848867,1.7570226,charge
893.4531533,1.7569654,charge
893.9214193,1.7571754,charge
894.3896729,1.7570761,charge
894.857913,1.7571526,charge
895.3261622,1.7572441,charge
895.7944077,1.7573205,charge
896.2626516,1.7573014,charge
896.7308956,1.7575076,charge
897.1991356,1.7574465,charge
897.6673739,1.757477,charge
898.1356079,1.757542,charge
898.6038482,1.7576299,charge
899.0720875,1.7576566,charge
899.5403309,1.7577254,charge
900.0085731,1.7577864,charge
900.4768122,1.7578666,charge
900.9450548,1.757859,charge
901.4132975,1.757901,charge
901.8815465,1.7579582,charge
902.3497955,1.7580346,charge
902.8180467,1.7581263,charge
903.286303,1.7581416,charge
903.7545658,1.758111,charge
904.2228293,1.7582484,charge
904.6910894,1.7582638,charge
905.1593455,1.7584701,charge
905.6275981,1.7584356,charge
906.0958575,1.7584319,charge
906.5641142,1.7585006,charge
907.0323739,1.7585769,charge
907.5006349,1.7585578,charge
907.9688965,1.7586533,charge
908.4371554,1.7586952,charge
908.9054194,1.7586762,charge
909.3736749,1.7588481,charge
909.8419276,1.7588176,charge
910.3101885,1.7589626,charge
910.7784571,1.7589397,charge
911.2467203,1.7589741,charge
911.7149672,1.7590313,charge
912.1832183,1.759081,charge
912.6514672,1.7591155,charge
913.1197249,1.7591536,charge
913.5879829,1.7592261,charge
914.0562403,1.7593292,charge
914.5245033,1.7593408,charge
914.9927655,1.759463,charge
915.4610325,1.7594935,charge
915.9293041,1.7594935,charge
916.3975677,1.7594858,charge
916.8658219,1.7596042,charge
917.3340716,1.7597034,charge
917.8023251,1.7597148,charge
918.2705767,1.7597569,charge
918.7388289,1.759776,charge
919.2070848,1.7598944,charge
919.6753365,1.759925,charge
920.1435882,1.760028,charge
920.611843,1.7600319,charge
921.080103,1.7600777,charge
921.5483627,1.7601082,charge
922.0166288,1.7602153,charge
922.484894,1.7602229,charge
922.9531599,1.760242,charge
923.4214279,1.7603489,charge
923.8897004,1.7603909,charge
924.3579705,1.7605093,charge
924.8262363,1.7605551,charge
925.294496,1.7605551,charge
925.7627509,1.7606086,charge
926.2310013,1.7605971,charge
926.6992487,1.7606735,charge
927.1675036,1.7608072,charge
927.6357509,1.7608377,charge
928.1040027,1.7608835,charge
928.5722431,1.760937,charge
929.040489,1.760937,charge
929.5087284,1.7610476,charge
929.9769615,1.7610859,charge
930.4451977,1.7611547,charge
930.9134352,1.7611203,charge
931.3816724,1.7612158,charge
931.8499132,1.7612654,charge
932.3181594,1.7614028,charge
932.7864079,1.7613647,charge
933.254654,1.7613342,charge
933.7229036,1.7614907,charge
934.1911549,1.7614754,charge
934.6593991,1.761506,charge
935.1276498,1.7615861,charge
935.5958993,1.761613,charge
936.0641378,1.7617772,charge
936.5323812,1.7617848,charge
937.0006078,1.7618039,charge
937.46883,1.7618574,charge
937.9370615,1.7619376,charge
938.4052923,1.7619337,charge
938.8735233,1.7620063,charge
939.341751,1.7621208,charge
939.8099844,1.7621591,charge
940.2782055,1.7621208,charge
940.7464323,1.7621973,charge
941.2146611,1.7623385,charge
941.6828946,1.76235,charge
942.1511388,1.7624072,charge
942.6193848,1.762495,charge
943.0876252,1.7625448,charge
943.5558727,1.762499,charge
944.0241123,1.7625486,charge
944.4923441,1.7626593,charge
944.9605783,1.7627242,charge
945.4288171,1.7627013,charge
945.89706,1.762854,charge
946.3652941,1.7628236,charge
946.8335404,1.7628082,charge
947.3017817,1.7629534,charge
947.7700209,1.7630106,charge
948.2382671,1.7630603,charge
948.7065076,1.7630947,charge
949.1747394,1.7631634,charge
949.642969,1.7631748,charge
950.1112031,1.7633085,charge
950.5794455,1.763339,charge
951.0476847,1.7634231,charge
951.5159278,1.7634919,charge
951.9841747,1.7634919,charge
952.4524243,1.7635415,charge
952.9206754,1.7635415,charge
953.3889221,1.7636178,charge
953.8571668,1.7637248,charge
954.3254033,1.7637935,charge
954.7936353,1.7638203,charge
955.2618723,1.7638545,charge
955.7301086,1.7637439,charge
956.1983377,1.76395,charge
956.6665642,1.7639959,charge
957.1348003,1.764015,charge
957.6030265,1.7641449,charge
958.0712542,1.764141,charge
958.5394873,1.7642288,charge
959.0077343,1.764225,charge
959.4759828,1.7643052,charge
959.9442312,1.7643853,charge
960.4124767,1.7643853,charge
960.8807247,1.7644618,charge
961.3489663,1.7645115,charge
961.8172097,1.7644848,charge
962.285466,1.7646184,charge
962.7537196,1.7646871,charge
963.2219689,1.7647023,charge
963.6902087,1.7647978,charge
964.158454,1.7648628,charge
964.6267045,1.7648933,charge
965.0949582,1.7650117,charge
965.5632076,1.7649926,charge
966.0314549,1.7650346,charge
966.4997184,1.7651645,charge
966.967969,1.765172,charge
967.4362153,1.7651874,charge
967.9044658,1.7652943,charge
968.3727255,1.7652179,charge
968.8409804,1.7653019,charge
969.3092396,1.7654165,charge
969.7774963,1.7655005,charge
970.2457531,1.7656839,charge
970.7140044,1.7656418,charge
971.1822623,1.7656609,charge
971.6505142,1.765699,charge
972.1187692,1.7658023,charge
972.5870261,1.7658404,charge
973.0552868,1.7658824,charge
973.5235454,1.7659321,charge
973.9918023,1.7659397,charge
974.4600499,1.7659703,charge
974.9282987,1.7661115,charge
975.3965576,1.7661459,charge
975.8648195,1.7661612,charge
976.3330772,1.7661345,charge
976.8013356,1.7663215,charge
977.2695856,1.7663255,charge
977.7378357,1.7664553,charge
978.2060897,1.7662872,charge
978.6743497,1.7666004,charge
979.1426133,1.7665011,charge
979.6108759,1.7666271,charge
980.0791385,1.7667226,charge
980.5473958,1.7667149,charge
981.0156495,1.7667799,charge
981.4839033,1.7668179,charge
981.9521627,1.7668676,charge
982.4204254,1.7669517,charge
982.8886848,1.7669785,charge
983.3569419,1.7670395,charge
983.8252011,1.7671006,charge
984.2934624,1.7671045,charge
984.7617094,1.7672228,charge
985.2299555,1.767303,charge
985.6982037,1.7672879,charge
986.1664572,1.767429,charge
986.6346968,1.7674406,charge
987.1029383,1.7675588,charge
987.571181,1.7675054,charge
988.0394259,1.7675092,charge
988.5076711,1.7676849,charge
988.9759103,1.7676544,charge
989.4441459,1.7677957,charge
989.912385,1.7677766,charge
990.3806263,1.7678378,charge
990.8488635,1.7678721,charge
991.3171014,1.7680668,charge
991.7853384,1.7680744,charge
992.2535725,1.7680783,charge
992.7218043,1.7681737,charge
993.1900449,1.7682233,charge
993.6582919,1.7682387,charge
994.1265367,1.7683151,charge
994.5947835,1.7683343,charge
995.0630357,1.7684143,charge
995.531288,1.7684716,charge
995.9995442,1.7685059,charge
996.4678034,1.7686626,charge
996.9360614,1.7685785,charge
997.4043099,1.7686435,charge
997.8725567,1.7687237,charge
998.3408086,1.7687619,charge
998.8090691,1.768842,charge
999.2773333,1.7689567,charge
999.7455929,1.7690406,charge
1000.213852,1.7690903,charge
1000.682116,1.7690291,charge
1001.150383,1.7691551,charge
1001.618657,1.7692239,charge
1002.086925,1.7692811,charge
1002.555189,1.7693844,charge
1003.023456,1.7694225,charge
1003.491719,1.7694683,charge
1003.959981,1.769518,charge
1004.428244,1.7696555,charge
1004.896511,1.7696135,charge
1005.364772,1.7696631,charge
1005.833038,1.7697128,charge
1006.301302,1.7697891,charge
1006.769558,1.7699227,charge
1007.237814,1.7699075,charge
1007.70608,1.7699648,charge
1008.174352,1.7699305,charge
1008.642618,1.770087,charge
1009.110885,1.7701023,charge
1009.579156,1.7701671,charge
1010.047426,1.7702551,charge
1010.515686,1.7703352,charge
1010.983952,1.7703658,charge
1011.452206,1.7704651,charge
1011.920461,1.7705185,charge
1012.388716,1.7705071,charge
1012.856972,1.7706178,charge
1013.325229,1.7706789,charge
1013.793486,1.7705758,charge
1014.26174,1.7708012,charge
1014.73,1.7707438,charge
1015.198264,1.7707973,charge
1015.666533,1.7709423,charge
1016.134808,1.7710532,charge
1016.603075,1.7710761,charge
1017.071338,1.7711257,charge
1017.539605,1.771099,charge
1018.007872,1.771183,charge
1018.476136,1.771225,charge
1018.944399,1.7713664,charge
1019.412658,1.7713664,charge
1019.880917,1.7713969,charge
1020.349172,1.7715534,charge
1020.81742,1.7715915,charge
1021.285663,1.7715955,charge
1021.75391,1.7716794,charge
1022.222158,1.7717253,charge
1022.690399,1.7718513,charge
1023.158648,1.7718589,charge
1023.626898,1.7718781,charge
1024.095154,1.7719773,charge
1024.563407,1.7720728,charge
1025.031653,1.7720346,charge
1025.499892,1.7720194,charge
1025.96813,1.7721835,charge
1026.436371,1.7722828,charge
1026.904617,1.7723134,charge
1027.372877,1.7722905,charge
1027.841144,1.7724738,charge
1028.309402,1.7725196,charge
1028.777663,1.7725158,charge
1029.245923,1.7726151,charge
1029.714184,1.7726914,charge
1030.182439,1.772722,charge
1030.650693,1.7727984,charge
1031.118943,1.7728366,charge
1031.587197,1.7729549,charge
1032.055449,1.7729359,charge
1032.523697,1.7730504,charge
1032.991939,1.7730581,charge
1033.460175,1.7731383,charge
1033.928415,1.7733177,charge
1034.396661,1.7732452,charge
1034.864903,1.7732872,charge
1035.333147,1.7733674,charge
1035.801386,1.7734782,charge
1036.26963,1.7735164,charge
1036.737866,1.7736081,charge
1037.206105,1.7734667,charge
1037.674354,1.7736691,charge
1038.142606,1.773734,charge
1038.610856,1.7738906,charge
1039.079102,1.7737989,charge
1039.547347,1.7739211,charge
1040.015592,1.7738485,charge
1040.483843,1.7740281,charge
1040.952094,1.7740777,charge
1041.420343,1.7741847,charge
1041.888591,1.7742877,charge
1042.35684,1.7742611,charge
1042.82509,1.7744519,charge
1043.293347,1.7744634,charge
1043.761615,1.7745093,charge
1044.229876,1.774597,charge
1044.69813,1.7746123,charge
1045.166382,1.7746696,charge
1045.63463,1.7747345,charge
1046.102882,1.7747842,charge
1046.571132,1.7748224,charge
1047.039372,1.7748072,charge
1047.507604,1.7749293,charge
1047.975843,1.7749217,charge
1048.444077,1.7750897,charge
1048.912318,1.7750859,charge
1049.380556,1.7752655,charge
1049.848796,1.7752653,charge
1050.317038,1.7752653,charge
1050.785288,1.7753953,charge
1051.253542,1.7754563,charge
1051.721792,1.7754945,charge
1052.190034,1.7755442,charge
1052.658273,1.7757427,charge
1053.126516,1.7756816,charge
1053.594764,1.7758038,charge
1054.063008,1.775823,charge
1054.531253,1.775861,charge
1054.999501,1.7758459,charge
1055.467742,1.7760139,charge
1055.935978,1.7760024,charge
1056.404232,1.7761208,charge
1056.872476,1.7762392,charge
1057.340715,1.7761551,charge
1057.808951,1.7762736,charge
1058.277176,1.7763499,charge
1058.7454,1.7763958,charge
1059.213634,1.7764454,charge
1059.68188,1.7765828,charge
1060.150126,1.7766249,charge
1060.618371,1.7767128,charge
1061.086619,1.7766823,charge
1061.554865,1.7768273,charge
1062.02311,1.7767929,charge
1062.491352,1.776854,charge
1062.959591,1.7769761,charge
1063.427823,1.7769305,charge
1063.896064,1.7771748,charge
1064.364307,1.7771405,charge
1064.832557,1.7772551,charge
1065.300811,1.7773237,charge
1065.769065,1.7774307,charge
1066.237319,1.7774307,charge
1066.70557,1.7774765,charge
1067.173826,1.7774727,charge
1067.64208,1.7776215,charge
1068.110332,1.7776636,charge
1068.578574,1.7777476,charge
1069.046814,1.7778163,charge
1069.515056,1.7778202,charge
1069.983299,1.77795,charge
1070.451545,1.7779615,charge
1070.91979,1.7780569,charge
1071.388033,1.778034,charge
1071.856275,1.7781601,charge
1072.324513,1.7783129,charge
1072.792763,1.7783128,charge
1073.261012,1.7783968,charge
1073.729263,1.7784923,charge
1074.197513,1.7785457,charge
1074.665762,1.7785267,charge
1075.134005,1.7786871,charge
1075.602246,1.7787024,charge
1076.070497,1.7788093,charge
1076.538749,1.7788284,charge
1077.006989,1.7788475,charge
1077.47523,1.7789773,charge
1077.943472,1.7790117,charge
1078.411712,1.7791262,charge
1078.879954,1.7791263,charge
1079.348196,1.7792485,charge
1079.81643,1.7792675,charge
1080.284669,1.7793516,charge
1080.752908,1.7794356,charge
1081.221158,1.7795234,charge
1081.689407,1.779447,charge
1082.157659,1.7796379,charge
1082.625907,1.7796876,charge
1083.094141,1.7797831,charge
1083.562372,1.7798021,charge
1084.0306,1.7798632,charge
1084.498839,1.7799664,charge
1084.967084,1.7799779,charge
1085.435341,1.7800122,charge
1085.903589,1.7801613,charge
1086.371834,1.7802299,charge
1086.840079,1.7803254,charge
1087.308325,1.7803751,charge
1087.776572,1.7803788,charge
1088.244819,1.7804208,charge
1088.713065,1.7805011,charge
1089.181307,1.7805164,charge
1089.649547,1.7806194,charge
1090.117784,1.7807034,charge
1090.586022,1.7807684,charge
1091.054269,1.7808982,charge
1091.522518,1.7809173,charge
1091.990761,1.7810166,charge
1092.459002,1.7810701,charge
1092.927244,1.7811044,charge
1093.395493,1.7811617,charge
1093.863738,1.7812611,charge
1094.331988,1.7812877,charge
1094.80024,1.7814023,charge
1095.268488,1.7814977,charge
1095.736732,1.781494,charge
1096.204978,1.7814481,charge
1096.673233,1.7815932,charge
1097.141484,1.7816658,charge
1097.609726,1.781788,charge
1098.077967,1.7816772,charge
1098.546197,1.7819026,charge
1099.014434,1.7819178,charge
1099.482679,1.7820362,charge
1099.95092,1.7821164,charge
1100.419158,1.7821966,charge
1100.8874,1.7821699,charge
1101.355641,1.7822845,charge
1101.823887,1.7824105,charge
1102.292133,1.7823838,charge
1102.760377,1.7825289,charge
1103.228622,1.7826014,charge
1103.696859,1.7827504,charge
1104.165092,1.7827847,charge
1104.633333,1.7827924,charge
1105.101579,1.782781,charge
1105.569829,1.7829719,charge
1106.038068,1.7830024,charge
1106.506311,1.7830178,charge
1106.97456,1.7830521,charge
1107.442804,1.7831819,charge
1107.911057,1.7831131,charge
1108.379309,1.7833422,charge
1108.847563,1.7834034,charge
1109.315825,1.7834377,charge
1109.78408,1.7834951,charge
1110.252332,1.7836134,charge
1110.720578,1.7836859,charge
1111.188831,1.7838006,charge
1111.657073,1.7838578,charge
1112.125308,1.7839227,charge
1112.593542,1.7839495,charge
1113.061773,1.7839915,charge
1113.530009,1.7841214,charge
1113.998243,1.7842054,charge
1114.466469,1.7841748,charge
1114.934698,1.7842321,charge
1115.402925,1.7842588,charge
1115.871159,1.7844307,charge
1116.339395,1.7845032,charge
1116.807635,1.7845911,charge
1117.275874,1.7847247,charge
1117.744109,1.7846713,charge
1118.212356,1.7848469,charge
1118.680611,1.7848355,charge
1119.148859,1.7850112,charge
1119.617103,1.7850188,charge
1120.085345,1.7851219,charge
1120.553581,1.7850838,charge
1121.021817,1.7852746,charge
1121.490058,1.7853013,charge
1121.958294,1.7854044,charge
1122.426525,1.7854389,charge
1122.894759,1.785542,charge
1123.362992,1.7855954,charge
1123.831227,1.7856833,charge
1124.299464,1.7856604,charge
1124.767704,1.7857864,charge
1125.235944,1.7858933,charge
1125.704181,1.7858741,charge
1126.172425,1.7860689,charge
1126.640678,1.7860384,charge
1127.108933,1.7861683,charge
1127.577185,1.786214,charge
1128.045436,1.7863401,charge
1128.513679,1.7864242,charge
1128.981924,1.7864126,charge
1129.45018,1.7864776,charge
1129.918431,1.7865616,charge
1130.386678,1.786615,charge
1130.854933,1.7868098,charge
1131.323189,1.7868519,charge
1131.791446,1.7869053,charge
1132.259694,1.7870619,charge
1132.727949,1.7870848,charge
1133.196194,1.787081,charge
1133.664438,1.7871764,charge
1134.132682,1.787249,charge
1134.600929,1.787398,charge
1135.069169,1.7874131,charge
1135.537413,1.7874247,charge
1136.005651,1.7874897,charge
1136.473887,1.7875888,charge
1136.942128,1.7876422,charge
1137.41037,1.7877607,charge
1137.87861,1.7878524,charge
1138.34685,1.7879403,charge
1138.815091,1.7880547,charge
1139.283336,1.7880472,charge
1139.751582,1.7882419,charge
1140.219819,1.7882113,charge
1140.688057,1.7882457,charge
1141.156301,1.788303,charge
1141.624546,1.7884176,charge
1142.092786,1.7885169,charge
1142.56102,1.7885436,charge
1143.02925,1.7886391,charge
1143.497488,1.7887346,charge
1143.965725,1.7887727,charge
1144.433957,1.7888949,charge
1144.902191,1.7889522,charge
1145.370419,1.7890133,charge
1145.838643,1.7891355,charge
1146.306887,1.7891852,charge
1146.775127,1.7893188,charge
1147.243362,1.7894334,charge
1147.711611,1.7893685,charge
1148.179846,1.7894754,charge
1148.648074,1.7896434,charge
1149.116311,1.789716,charge
1149.584559,1.7897351,charge
1150.052803,1.789777,charge
1150.521052,1.7898765,charge
1150.9893,1.789991,charge
1151.457545,1.7900636,charge
1151.925793,1.7901436,charge
1152.394041,1.7901781,charge
1152.862293,1.790346,charge
1153.330545,1.790346,charge
1153.798794,1.7904493,charge
1154.267039,1.7905294,charge
1154.73529,1.7905982,charge
1155.203549,1.7907127,charge
1155.671804,1.7907815,charge
1156.140059,1.7908502,charge
1156.608319,1.7909075,charge
1157.076582,1.7910144,charge
1157.544837,1.7910678,charge
1158.0131,1.7911749,charge
1158.481357,1.7912359,charge
1158.94961,1.7914115,charge
1159.41786,1.7913581,charge
1159.88611,1.7914803,charge
1160.354362,1.7915757,charge
1160.822613,1.7916484,charge
1161.290859,1.7916521,charge
1161.759095,1.7917247,charge
1162.227335,1.7918507,charge
1162.695587,1.7919767,charge
1163.163842,1.792015,charge
1163.63209,1.7921143,charge
1164.100342,1.7922479,charge
1164.568593,1.7922212,charge
1165.036846,1.7923357,charge
1165.505095,1.7924885,charge
1165.973348,1.7924235,charge
1166.441607,1.7926298,charge
1166.909867,1.7925878,charge
1167.378136,1.7926604,charge
1167.84641,1.7928437,charge
1168.314676,1.79292,charge
1168.782948,1.7929659,charge
1169.251212,1.7929888,charge
1169.719474,1.79313,charge
1170.187731,1.7932179,charge
1170.655981,1.7933133,charge
1171.124232,1.7933325,charge
1171.592482,1.7934432,charge
1172.060735,1.7935349,charge
1172.528993,1.7935997,charge
1172.997242,1.7936761,charge
1173.465488,1.7937907,charge
1173.933729,1.7939014,charge
1174.401977,1.7939472,charge
1174.870235,1.7941,charge
1175.338504,1.7941574,charge
1175.806765,1.7942451,charge
1176.275036,1.7943063,charge
1176.743308,1.7943254,charge
1177.211587,1.7944628,charge
1177.679862,1.7945508,charge
1178.148137,1.794608,charge
1178.616407,1.7946461,charge
1179.084678,1.7948065,charge
1179.552948,1.7948943,charge
1180.021215,1.7950433,charge
1180.489482,1.7950205,charge
1180.95775,1.7951808,charge
1181.42601,1.7951961,charge
1181.894275,1.7953603,charge
1182.362541,1.7953756,charge
1182.830792,1.7954825,charge
1183.299039,1.7955626,charge
1183.767293,1.7956047,charge
1184.235539,1.7956581,charge
1184.703784,1.7957689,charge
1185.172026,1.7958108,charge
1185.640267,1.7960477,charge
1186.10851,1.7960744,charge
1186.576755,1.796189,charge
1187.045004,1.7962538,charge
1187.513254,1.7963341,charge
1187.981494,1.7963302,charge
1188.449741,1.7965671,charge
1188.917987,1.7965823,charge
1189.386236,1.7966588,charge
1189.854476,1.7967542,charge
1190.322724,1.7968993,charge
1190.790975,1.796926,charge
1191.259221,1.797033,charge
1191.72747,1.7971628,charge
1192.195718,1.7972238,charge
1192.663972,1.7972773,charge
1193.132225,1.7973537,charge
1193.600474,1.7974415,charge
1194.068718,1.7975523,charge
1194.536969,1.7975218,charge
1195.00523,1.7977394,charge
1195.473487,1.7977546,charge
1195.941741,1.7979418,charge
1196.409984,1.798003,charge
1196.878223,1.7981213,charge
1197.346466,1.7981824,charge
1197.814713,1.798339,charge
1198.282964,1.798316,charge
1198.751217,1.7983619,charge
1199.219465,1.7985109,charge
1199.687706,1.7986063,charge
1200.155938,1.7987171,charge
1200.624172,1.7988125,charge
1201.092405,1.7988813,charge
1201.560635,1.7989461,charge
1202.028869,1.7990646,charge
1202.497114,1.7991945,charge
1202.965367,1.7992173,charge
1203.43362,1.7992288,charge
1203.901866,1.7994961,charge
1204.370105,1.7994274,charge
1204.838351,1.7996335,charge
1205.306597,1.7997177,charge
1205.774839,1.7997673,charge
1206.243079,1.7999009,charge
1206.711308,1.8000078,charge
1207.179527,1.800046,charge
1207.647759,1.8001224,charge
1208.115988,1.8002598,charge
1208.584221,1.8003439,charge
1209.052453,1.8004088,charge
1209.520687,1.8005348,charge
1209.988919,1.8005959,charge
1210.457163,1.8007449,charge
1210.92541,1.8008901,charge
1211.393658,1.8008823,charge
1211.861894,1.8010007,charge
1212.330136,1.801039,charge
1212.798379,1.8011343,charge
1213.266627,1.8012031,charge
1213.734867,1.8013177,charge
1214.203111,1.8015583,charge
1214.671351,1.8015277,charge
1215.139586,1.8017186,charge
1215.607815,1.801753,charge
1216.076043,1.8018485,charge
1216.54427,1.8019134,charge
1217.012495,1.8020433,charge
1217.48072,1.8021693,charge
1217.948945,1.8021998,charge
1218.417163,1.802387,charge
1218.885388,1.8023641,charge
1219.353613,1.8024863,charge
1219.821844,1.8026085,charge
1220.290078,1.8026772,charge
1220.758303,1.8028338,charge
1221.226528,1.8029102,charge
1221.69476,1.8029865,charge
1222.162997,1.8030667,charge
1222.63123,1.803166,charge
1223.099459,1.8033227,charge
1223.567684,1.8034028,charge
1224.035924,1.8034142,charge
1224.504169,1.8036282,charge
1224.972412,1.8036472,charge
1225.44066,1.8038459,charge
1225.908899,1.8038343,charge
1226.377142,1.803884,charge
1226.84539,1.8041131,charge
1227.313646,1.8041208,charge
1227.781895,1.8042277,charge
1228.25014,1.804388,charge
1228.718378,1.8044683,charge
1229.186617,1.8045599,charge
1229.654859,1.8046745,charge
1230.123104,1.8048234,charge
1230.591357,1.8048273,charge
1231.059612,1.8049418,charge
1231.52786,1.8051175,charge
1231.996104,1.8051633,charge
1232.464345,1.8052511,charge
1232.932589,1.8053582,charge
1233.400846,1.8054383,charge
1233.869101,1.8055223,charge
1234.337349,1.8057629,charge
1234.805586,1.8057476,charge
1235.273816,1.805969,charge
1235.74204,1.8059537,charge
1236.210256,1.8060454,charge
1236.678486,1.8061333,charge
1237.14672,1.8062975,charge
1237.614961,1.8064426,charge
1238.083198,1.8065495,charge
1238.551432,1.8065763,charge
1239.019666,1.8066565,charge
1239.487894,1.8068017,charge
1239.956133,1.8069201,charge
1240.424374,1.8069085,charge
1240.892623,1.8070956,charge
1241.360883,1.8072026,charge
1241.829148,1.8073171,charge
1242.297417,1.8074317,charge
1242.765685,1.8075463,charge
1243.23395,1.8076456,charge
1243.702223,1.8077449,charge
1244.170487,1.8078861,charge
1244.638746,1.807932,charge
1245.107012,1.8080351,charge
1245.575285,1.807974,charge
1246.043553,1.8082757,charge
1246.511821,1.8083215,charge
1246.980089,1.808501,charge
1247.448353,1.808585,charge
1247.916617,1.8086156,charge
1248.384883,1.8086615,charge
1248.853138,1.808902,charge
1249.321392,1.8090662,charge
1249.789641,1.8090547,charge
1250.257891,1.8092341,charge
1250.726144,1.809303,charge
1251.194405,1.8094327,charge
1251.662665,1.809536,charge
1252.130919,1.8097345,charge
1252.599166,1.8097039,charge
1253.067407,1.809853,charge
1253.53565,1.8098911,charge
1254.003904,1.8100629,charge
1254.472157,1.8101431,charge
1254.94041,1.8102691,charge
1255.408667,1.8103951,charge
1255.876926,1.8105823,charge
1256.345174,1.810544,charge
1256.813423,1.8106625,charge
1257.281679,1.8107733,charge
1257.749935,1.8108306,charge
1258.218187,1.8110979,charge
1258.686438,1.8111246,charge
1259.1547,1.8111856,charge
1259.622966,1.8113499,charge
1260.091218,1.8113995,charge
1260.559463,1.8115447,charge
1261.027709,1.8116821,charge
1261.49595,1.811831,charge
1261.964196,1.8118883,charge
1262.432433,1.8119379,charge
1262.900672,1.8121709,charge
1263.368915,1.8121594,charge
1263.837157,1.8122549,charge
1264.305397,1.8124726,charge
1264.773641,1.8124841,charge
1265.241896,1.8126445,charge
1265.710153,1.8127934,charge
1266.178411,1.8129003,charge
1266.646669,1.8130989,charge
1267.11492,1.8130608,charge
1267.583168,1.8131791,charge
1268.051416,1.8132975,charge
1268.519668,1.8134999,charge
1268.987921,1.8134845,charge
1269.456177,1.8136756,charge
1269.924437,1.8137443,charge
1270.392695,1.8139467,charge
1270.860948,1.8139811,charge
1271.329187,1.8141949,charge
1271.797426,1.8141606,charge
1272.265668,1.8143591,charge
1272.733913,1.8143706,charge
1273.202162,1.8145119,charge
1273.670408,1.8147258,charge
1274.138654,1.8147486,charge
1274.606897,1.8147753,charge
1275.075152,1.8149854,charge
1275.5434,1.8151382,charge
1276.011654,1.8153406,charge
1276.4799,1.8152909,charge
1276.948145,1.8154017,charge
1277.416401,1.8155658,charge
1277.884653,1.8157034,charge
1278.352908,1.8157722,charge
1278.821172,1.8158982,charge
1279.289428,1.8160892,charge
1279.757685,1.8161693,charge
1280.225945,1.8162074,charge
1280.694191,1.816406,charge
1281.162435,1.8165512,charge
1281.630677,1.8166084,charge
1282.098917,1.8167306,charge
1282.567156,1.8168644,charge
1283.035397,1.8169751,charge
1283.503638,1.8171164,charge
1283.971883,1.8172003,charge
1284.440137,1.8173417,charge
1284.908391,1.8174791,charge
1285.376641,1.817651,charge
1285.844893,1.8176129,charge
1286.313148,1.8177465,charge
1286.781409,1.8179107,charge
1287.249665,1.8180519,charge
1287.717914,1.8182009,charge
1288.186158,1.8182734,charge
1288.654405,1.8184949,charge
1289.122655,1.8184606,charge
1289.590894,1.8186859,charge
1290.059135,1.8188273,charge
1290.527376,1.818915,charge
1290.995614,1.8189762,charge
1291.46385,1.8191938,charge
1291.932088,1.8192778,charge
1292.400333,1.8193122,charge
1292.868576,1.8194916,charge
1293.336823,1.8196597,charge
1293.805079,1.8198048,charge
1294.273333,1.8198888,charge
1294.741585,1.8199996,charge
1295.209837,1.8200111,charge
1295.678083,1.8201944,charge
1296.146332,1.8201905,charge
1296.614583,1.8204846,charge
1297.082826,1.820538,charge
1297.551072,1.8207138,charge
1298.019314,1.8207635,charge
1298.487551,1.8209581,charge
1298.955788,1.8212522,charge
1299.424027,1.8212293,charge
1299.892272,1.8212904,charge
1300.360521,1.8214011,charge
1300.828776,1.8214355,charge
1301.297035,1.8217105,charge
1301.765279,1.8217793,charge
1302.23352,1.8219243,charge
1302.701765,1.8220503,charge
1303.170009,1.8221077,charge
1303.638249,1.8223063,charge
1304.106498,1.8224285,charge
1304.574747,1.8225621,charge
1305.042983,1.8226805,charge
1305.511209,1.8228103,charge
1305.979431,1.8228943,charge
1306.447659,1.8230699,charge
1306.915889,1.8231349,charge
1307.384122,1.8232763,charge
1307.852357,1.8233068,charge
1308.320588,1.8234214,charge
1308.788827,1.8235893,charge
1309.257073,1.8238338,charge
1309.725318,1.8238643,charge
1310.193557,1.8240056,charge
1310.661788,1.8241355,charge
1311.13002,1.8241966,charge
1311.598261,1.8242614,charge
1312.066497,1.8244295,charge
1312.534736,1.8246052,charge
1313.002982,1.8249146,charge
1313.471215,1.8248267,charge
1313.939447,1.8249718,charge
1314.407686,1.8250978,charge
1314.875932,1.8252581,charge
1315.344177,1.8253804,charge
1315.812419,1.8255103,charge
1316.280661,1.8256553,charge
1316.748898,1.8257966,charge
1317.217132,1.8259227,charge
1317.685375,1.8260335,charge
1318.153623,1.8260716,charge
1318.62187,1.8260297,charge
1319.09012,1.8263198,charge
1319.55836,1.8265375,charge
1320.0266,1.8266521,charge
1320.494837,1.8268238,charge
1320.963068,1.8269539,charge
1321.431307,1.8270645,charge
1321.899543,1.82716,charge
1322.367777,1.8273127,charge
1322.836008,1.8273815,charge
1323.304249,1.8275533,charge
1323.772489,1.8276908,charge
1324.240736,1.8277291,charge
1324.708989,1.82792,charge
1325.177245,1.8280919,charge
1325.645504,1.8282484,charge
1326.113762,1.8283974,charge
1326.582023,1.8284546,charge
1327.05029,1.8286875,charge
1327.518552,1.8286952,charge
1327.986817,1.8288288,charge
1328.455076,1.8289511,charge
1328.923331,1.8291574,charge
1329.391576,1.8291993,charge
1329.859821,1.8294361,charge
1330.328078,1.82952,charge
1330.796339,1.8295697,charge
1331.264597,1.82973,charge
1331.732852,1.829879,charge
1332.201106,1.8300318,charge
1332.669361,1.8302151,charge
1333.137611,1.830261,charge
1333.605857,1.8304328,charge
1334.074105,1.8305932,charge
1334.542344,1.8307191,charge
1335.010585,1.8310477,charge
1335.478831,1.8309827,charge
1335.947082,1.8311239,charge
1336.415333,1.8312309,charge
1336.883577,1.8314486,charge
1337.351809,1.8315213,charge
1337.820052,1.8317121,charge
1338.288304,1.8318381,charge
1338.756564,1.8321208,charge
1339.224823,1.832136,charge
1339.693094,1.8322543,charge
1340.161356,1.8322964,charge
1340.629613,1.8324873,charge
1341.097871,1.8326745,charge
1341.566124,1.8327622,charge
1342.034367,1.8329303,charge
1342.502612,1.8330411,charge
1342.970855,1.8332664,charge
1343.43909,1.8332664,charge
1343.907324,1.8334612,charge
1344.375558,1.8335986,charge
1344.843791,1.8337246,charge
1345.312022,1.8339003,charge
1345.780263,1.8339843,charge
1346.248501,1.8342097,charge
1346.716736,1.834305,charge
1347.18497,1.834412,charge
1347.653199,1.8345762,charge
1348.121419,1.8347328,charge
1348.589647,1.8348513,charge
1349.057886,1.834981,charge
1349.526135,1.8351223,charge
1349.994389,1.8353782,charge
1350.46264,1.8353667,charge
1350.930891,1.8356111,charge
1351.39915,1.8357639,charge
1351.86741,1.8359358,charge
1352.335657,1.8360504,charge
1352.803905,1.8361458,charge
1353.272158,1.8363291,charge
1353.740411,1.8363903,charge
1354.208662,1.8365582,charge
1354.676913,1.836814,charge
1355.14517,1.8369133,charge
1355.613415,1.8370585,charge
1356.081656,1.8371387,charge
1356.549906,1.8373488,charge
1357.018141,1.8375359,charge
1357.486382,1.8376466,charge
1357.954627,1.8378376,charge
1358.422877,1.837891,charge
1358.891126,1.8380972,charge
1359.359372,1.8382194,charge
1359.827612,1.8383378,charge
1360.295854,1.8384906,charge
1360.764093,1.8386587,charge
1361.232328,1.8387694,charge
1361.700567,1.8389717,charge
1362.1688,1.8390558,charge
1362.637028,1.8392773,charge
1363.105253,1.839388,charge
1363.573476,1.8394989,charge
1364.041698,1.8396935,charge
1364.509923,1.8398501,charge
1364.978143,1.8399762,charge
1365.446367,1.840167,charge
1365.91459,1.8402014,charge
1366.382806,1.8404343,charge
1366.851024,1.8405948,charge
1367.319237,1.8407551,charge
1367.787448,1.8409423,charge
1368.255659,1.8410951,charge
1368.723871,1.8411715,charge
1369.192092,1.8413662,charge
1369.660316,1.8415724,charge
1370.128541,1.8415724,charge
1370.596766,1.8418435,charge
1371.064997,1.8419544,charge
1371.533231,1.8421223,charge
1372.001467,1.8423514,charge
1372.469706,1.8424469,charge
1372.937942,1.8426493,charge
1373.406193,1.8427677,charge
1373.874438,1.8429166,charge
1374.342683,1.8431267,charge
1374.810927,1.8432337,charge
1375.279167,1.8432795,charge
1375.747412,1.8435162,charge
1376.215649,1.843688,charge
1376.683885,1.8439324,charge
1377.152128,1.8440814,charge
1377.620361,1.8441044,charge
1378.088588,1.844322,charge
1378.556816,1.8445283,charge
1379.025049,1.8447077,charge
1379.49328,1.8448682,charge
1379.96151,1.8449254,charge
1380.429746,1.8451086,charge
1380.897978,1.8452996,charge
1381.366213,1.8454791,charge
1381.834449,1.8455631,charge
1382.302685,1.8457885,charge
1382.770916,1.8459946,charge
1383.239144,1.8461245,charge
1383.707367,1.8462315,charge
1384.175578,1.8464528,charge
1384.643784,1.8466706,charge
1385.111998,1.8467813,charge
1385.58022,1.8470258,charge
1386.048439,1.8470677,charge
1386.516661,1.8471824,charge
1386.984889,1.8473045,charge
1387.453117,1.8475221,charge
1387.921348,1.8476902,charge
1388.389579,1.8479117,charge
1388.857808,1.8480798,charge
1389.326037,1.8482975,charge
1389.794267,1.8484273,charge
1390.262492,1.8484616,charge
1390.730723,1.8487443,charge
1391.198954,1.8489658,charge
1391.667189,1.8491108,charge
1392.135422,1.8492217,charge
1392.603647,1.8492866,charge
1393.071875,1.8495691,charge
1393.540103,1.8497066,charge
1394.00834,1.8499204,charge
1394.476579,1.8501687,charge
1394.94482,1.8502871,charge
1395.413066,1.8502947,charge
1395.881313,1.8505696,charge
1396.349556,1.850814,charge
1396.81779,1.8509706,charge
1397.286014,1.85115,charge
1397.754238,1.8512647,charge
1398.222464,1.8514403,charge
1398.690686,1.8516237,charge
1399.158914,1.8517956,charge
1399.627143,1.8519826,charge
1400.095371,1.8520361,charge
1400.563599,1.8521507,charge
1401.03183,1.8525401,charge
1401.500054,1.8526624,charge
1401.968275,1.852819,charge
1402.43649,1.8529565,charge
1402.9047,1.8531092,charge
1403.372915,1.8533231,charge
1403.841143,1.8535484,charge
1404.309373,1.8537623,charge
1404.777607,1.8538806,charge
1405.24584,1.8540181,charge
1405.714074,1.8542434,charge
1406.182306,1.8544077,charge
1406.650542,1.854507,charge
1407.118783,1.8547399,charge
1407.587024,1.8549269,charge
1408.05526,1.8551447,charge
1408.523503,1.8553356,charge
1408.991745,1.8554769,charge
1409.459991,1.8557099,charge
1409.928228,1.8558855,charge
1410.39647,1.8560574,charge
1410.864707,1.856298,charge
1411.332947,1.8563666,charge
1411.801188,1.8565652,charge
1412.269422,1.8566149,charge
1412.737655,1.8569165,charge
1413.205899,1.8571763,charge
1413.674143,1.8573176,charge
1414.142391,1.8575085,charge
1414.610629,1.8577033,charge
1415.078866,1.8578179,charge
1415.547103,1.8580815,charge
1416.015336,1.8582456,charge
1416.483573,1.8584404,charge
1416.951805,1.8586733,charge
1417.420053,1.8588108,charge
1417.888301,1.8589903,charge
1418.356541,1.8591468,charge
1418.824779,1.8593301,charge
1419.293015,1.8594983,charge
1419.761255,1.8597541,charge
1420.229498,1.8598609,charge
1420.697752,1.8602047,charge
1421.166001,1.8602772,charge
1421.634237,1.8604759,charge
1422.102473,1.8606706,charge
1422.570708,1.8608463,charge
1423.038944,1.8610258,charge
1423.507179,1.8612014,charge
1423.975412,1.8613389,charge
1424.443651,1.8616674,charge
1424.911899,1.8618047,charge
1425.380148,1.8620033,charge
1425.848393,1.8622019,charge
1426.316648,1.8623471,charge
1426.784908,1.8627709,charge
1427.253164,1.8627633,charge
1427.721425,1.8630459,charge
1428.189693,1.8631719,charge
1428.657952,1.8633323,charge
1429.126204,1.8636035,charge
1429.594444,1.8637525,charge
1430.06269,1.8639128,charge
1430.530943,1.8641227,charge
1430.999188,1.8644207,charge
1431.467433,1.8645543,charge
1431.935672,1.8647109,charge
1432.403911,1.8649553,charge
1432.872152,1.8650088,charge
1433.340405,1.8653105,charge
1433.808655,1.8655397,charge
1434.276906,1.8657345,charge
1434.74516,1.8659865,charge
1435.213414,1.8661315,charge
1435.681667,1.8662461,charge
1436.149915,1.8664867,charge
1436.618154,1.8667731,charge
1437.086395,1.8669488,charge
1437.554632,1.8671665,charge
1438.022862,1.8673728,charge
1438.491084,1.867491,charge
1438.959307,1.8677239,charge
1439.427538,1.8680028,charge
1439.895777,1.8682396,charge
1440.364014,1.8684381,charge
1440.832248,1.8685679,charge
1441.300489,1.868717,charge
1441.768734,1.8689995,charge
1442.236967,1.8692477,charge
1442.705204,1.8694615,charge
1443.173436,1.8695838,charge
1443.641672,1.8698092,charge
1444.109896,1.8700268,charge
1444.57812,1.8702598,charge
1445.046348,1.8704928,charge
1445.514574,1.8706646,charge
1445.982806,1.8709013,charge
1446.451046,1.8710923,charge
1446.919282,1.8713137,charge
1447.387524,1.8715047,charge
1447.855763,1.8717415,charge
1448.323998,1.8719171,charge
1448.792244,1.8721883,charge
1449.260486,1.8724289,charge
1449.728721,1.8726159,charge
1450.196958,1.8728414,charge
1450.665195,1.8730475,charge
1451.133431,1.87325,charge
1451.601677,1.8736472,charge
1452.06993,1.8736738,charge
1452.538175,1.8740327,charge
1453.006423,1.8741626,charge
1453.474665,1.8745216,charge
1453.942907,1.874579,charge
1454.411145,1.8749073,charge
1454.879378,1.875018,charge
1455.347607,1.8753121,charge
1455.815835,1.8754764,charge
1456.284069,1.875736,charge
1456.752303,1.8759766,charge
1457.220555,1.8762096,charge
1457.688807,1.8764578,charge
1458.157052,1.8766335,charge
1458.625297,1.8768015,charge
1459.093542,1.8770077,charge
1459.561791,1.8772826,charge
1460.030038,1.8775156,charge
1460.49829,1.8777944,charge
1460.966543,1.8779968,charge
1461.434788,1.8781992,charge
1461.903034,1.8784665,charge
1462.371278,1.8786918,charge
1462.839527,1.8789859,charge
1463.307775,1.8791157,charge
1463.77602,1.8793907,charge
1464.244266,1.8795816,charge
1464.712511,1.879807,charge
1465.180745,1.8800704,charge
1465.648972,1.8802691,charge
1466.117213,1.8805441,charge
1466.585453,1.8808266,charge
1467.053699,1.8810061,charge
1467.521938,1.8813154,charge
1467.990192,1.8815178,charge
1468.458444,1.8816515,charge
1468.926702,1.8820066,charge
1469.394965,1.882232,charge
1469.863228,1.8823274,charge
1470.331489,1.8826405,charge
1470.799747,1.8829269,charge
1471.267999,1.8831942,charge
1471.736251,1.8833624,charge
1472.204507,1.8837136,charge
1472.672758,1.8838625,charge
1473.141,1.8841108,charge
1473.609243,1.8844278,charge
1474.077481,1.8845041,charge
1474.545715,1.8848517,charge
1475.013957,1.8851572,charge
1475.4822,1.8853748,charge
1475.950444,1.885623,charge
1476.418696,1.8857911,charge
1476.886952,1.8860546,charge
1477.355209,1.8862723,charge
1477.823474,1.8865777,charge
1478.291736,1.886868,charge
1478.759997,1.8870475,charge
1479.228254,1.8873569,charge
1479.696506,1.8875668,charge
1480.16477,1.8878113,charge
1480.633036,1.8881435,charge
1481.101299,1.8883345,charge
1481.569569,1.8885674,charge
1482.037841,1.8887392,charge
1482.506105,1.8890945,charge
1482.974361,1.8893541,charge
1483.442618,1.8895794,charge
1483.910882,1.8898735,charge
1484.379147,1.8901331,charge
1484.84741,1.8903815,charge
1485.315673,1.8905417,charge
1485.783931,1.8908855,charge
1486.252188,1.8911794,charge
1486.720449,1.891382,charge
1487.188717,1.8915156,charge
1487.656993,1.8919432,charge
1488.125266,1.8921953,charge
1488.593535,1.8925543,charge
1489.061801,1.8927491,charge
1489.530058,1.893066,charge
1489.998314,1.8932647,charge
1490.46657,1.8936198,charge
1490.934836,1.893891,charge
1491.403111,1.8941009,charge
1491.871387,1.8944676,charge
1492.339657,1.8946165,charge
1492.80791,1.8949527,charge
1493.276159,1.8950748,charge
1493.744409,1.8953803,charge
1494.21265,1.8957508,charge
1494.680895,1.8960066,charge
1495.149138,1.896251,charge
1495.617388,1.8965719,charge
1496.08564,1.8967932,charge
1496.55389,1.8970683,charge
1497.022151,1.8973317,charge
1497.490424,1.8976601,charge
1497.958689,1.8979503,charge
1498.426948,1.898275,charge
1498.895205,1.8985424,charge
1499.363458,1.8988135,charge
1499.831711,1.8990577,charge
1500.299961,1.8993596,charge
1500.768213,1.8996766,charge
1501.236458,1.8999362,charge
1501.704697,1.9002532,charge
1502.172947,1.9005396,charge
1502.641205,1.900826,charge
1503.109467,1.9011353,charge
1503.57772,1.9014294,charge
1504.045975,1.9017043,charge
1504.514227,1.9020022,charge
1504.982477,1.9022963,charge
1505.450726,1.9026438,charge
1505.918984,1.9029034,charge
1506.387244,1.9031516,charge
1506.855512,1.9034954,charge
1507.323781,1.9037703,charge
1507.792055,1.904072,charge
1508.260331,1.9044081,charge
1508.728608,1.9046448,charge
1509.196891,1.9050039,charge
1509.665173,1.9053093,charge
1510.133455,1.9056302,charge
1510.601737,1.9058897,charge
1511.070012,1.9062374,charge
1511.538277,1.906497,charge
1512.006542,1.9068407,charge
1512.474807,1.9072493,charge
1512.943073,1.9075013,charge
1513.411337,1.9077687,charge
1513.879601,1.9080819,charge
1514.347858,1.9084485,charge
1514.816112,1.9086698,charge
1515.284367,1.9090977,charge
1515.752624,1.9094452,charge
1516.220873,1.9096743,charge
1516.689124,1.9100599,charge
1517.15737,1.9103235,charge
1517.625608,1.9106405,charge
1518.093844,1.9109727,charge
1518.56208,1.9113929,charge
1519.030317,1.9116486,charge
1519.498566,1.9119923,charge
1519.966809,1.9123055,charge
1520.435051,1.9126949,charge
1520.903296,1.9128937,charge
1521.371553,1.9132794,charge
1521.839802,1.9136651,charge
1522.308045,1.9139591,charge
1522.776289,1.9143678,charge
1523.244533,1.9147267,charge
1523.71279,1.9150895,charge
1524.181051,1.9153912,charge
1524.649308,1.9157271,charge
1525.117569,1.9161741,charge
1525.585834,1.9164451,charge
1526.054101,1.9167697,charge
1526.52236,1.9171822,charge
1526.990622,1.9175259,charge
1527.458878,1.9177551,charge
1527.927125,1.9182134,charge
1528.395379,1.9185607,charge
1528.863634,1.9189427,charge
1529.331887,1.919275,charge
1529.800143,1.9196416,charge
1530.268396,1.9199739,charge
1530.736651,1.920329,charge
1531.204901,1.9207643,charge
1531.67315,1.9210813,charge
1532.141395,1.9214593,charge
1532.609646,1.9218948,charge
1533.077901,1.922204,charge
1533.546156,1.9226279,charge
1534.014411,1.9230212,charge
1534.482667,1.9234108,charge
1534.950923,1.9238156,charge
1535.419167,1.9241784,charge
1535.887415,1.9245908,charge
1536.35567,1.9249421,charge
1536.823937,1.9252324,charge
1537.292205,1.9256409,charge
1537.760476,1.9261146,charge
1538.228746,1.926504,charge
1538.697011,1.9269319,charge
1539.165265,1.9272792,charge
1539.633512,1.9277223,charge
1540.101754,1.9280813,charge
1540.569993,1.9285204,charge
1541.038235,1.9289863,charge
1541.506472,1.9293759,charge
1541.974719,1.9297348,charge
1542.442972,1.9301053,charge
1542.911226,1.9305598,charge
1543.379479,1.9309798,charge
1543.847734,1.9314762,charge
1544.315991,1.931774,charge
1544.784244,1.9322743,charge
1545.252493,1.9326485,charge
1545.720734,1.9330459,charge
1546.188982,1.9335192,charge
1546.657228,1.9339814,charge
1547.125475,1.9345275,charge
1547.593719,1.934917,charge
1548.061966,1.9352989,charge
1548.530211,1.9357038,charge
1548.998456,1.9362537,charge
1549.466701,1.9366928,charge
1549.934947,1.9371474,charge
1550.403181,1.9375368,charge
1550.871414,1.9380828,charge
1551.33965,1.9385488,charge
1551.807895,1.9389192,charge
1552.276142,1.9394195,charge
1552.744389,1.9398472,charge
1553.212637,1.940294,charge
1553.680877,1.9407599,charge
1554.14911,1.9413365,charge
1554.617342,1.9417642,charge
1555.085582,1.9422913,charge
1555.553826,1.9427342,charge
1556.022066,1.9432346,charge
1556.49031,1.9436852,charge
1556.958559,1.9441358,charge
1557.426811,1.9446476,charge
1557.895055,1.9451669,charge
1558.3633,1.9456977,charge
1558.831544,1.9461064,charge
1559.299775,1.9467326,charge
1559.768008,1.9473933,charge
1560.236242,1.9478096,charge
1560.704481,1.9483021,charge
1561.172733,1.9487529,charge
1561.640984,1.9493409,charge
1562.109238,1.950055,charge
1562.577497,1.9504293,charge
1563.045749,1.9510059,charge
1563.514,1.9515063,charge
1563.98225,1.9521325,charge
1564.450502,1.9525564,charge
1564.918753,1.9531865,charge
1565.387005,1.9537288,charge
1565.855265,1.9543856,charge
1566.323521,1.9548362,charge
1566.791775,1.9554931,charge
1567.260023,1.9562378,charge
1567.728273,1.9566121,charge
1568.196541,1.9572612,charge
1568.664799,1.957899,charge
1569.133053,1.9583688,charge
1569.601304,1.9591898,charge
1570.069553,1.9595984,charge
1570.53781,1.9601865,charge
1571.006068,1.9607097,charge
1571.474324,1.9615461,charge
1571.942588,1.9621074,charge
1572.410848,1.9626877,charge
1572.879113,1.9633561,charge
1573.347376,1.9640741,charge
1573.815633,1.9646469,charge
1574.283897,1.9652427,charge
1574.75216,1.9659377,charge
1575.220423,1.9665946,charge
1575.688679,1.9673202,charge
1576.156938,1.9679847,charge
1576.625202,1.9686148,charge
1577.093469,1.9693708,charge
1577.561729,1.9700429,charge
1578.029987,1.9707611,charge
1578.498246,1.9715056,charge
1578.966509,1.9722809,charge
1579.434773,1.9729339,charge
1579.903032,1.9736404,charge
1580.371289,1.9744538,charge
1580.839543,1.9751451,charge
1581.307799,1.9759928,charge
1581.776053,1.9767032,charge
1582.244307,1.9774975,charge
1582.712557,1.9781772,charge
1583.180805,1.9790479,charge
1583.649054,1.9797583,charge
1584.117309,1.9806252,charge
1584.585561,1.9813355,charge
1585.053825,1.9823129,charge
1585.52209,1.983031,charge
1585.990353,1.9838368,charge
1586.458603,1.9847418,charge
1586.926847,1.9855781,charge
1587.395097,1.9864908,charge
1587.863349,1.9873731,charge
1588.331608,1.9881979,charge
1588.799867,1.9890419,charge
1589.26812,1.9898707,charge
1589.736373,1.9908367,charge
1590.204621,1.9916998,charge
1590.672879,1.9927042,charge
1591.141127,1.9936246,charge
1591.609368,1.9946404,charge
1592.077615,1.9955301,charge
1592.545856,1.9964696,charge
1593.014103,1.9974548,charge
1593.482347,1.9984133,charge
1593.950599,1.9993032,charge
1594.418851,2.0003343,charge
1594.887106,2.0014646,charge
1595.355356,2.0023775,charge
1595.823601,2.0034811,charge
1596.291853,2.0045085,charge
1596.760102,2.0055165,charge
1597.228355,2.0065706,charge
1597.696618,2.0075941,charge
1598.16488,2.0087016,charge
1598.633137,2.0097556,charge
1599.101397,2.0109737,charge
1599.569654,2.0124021,charge
1600.037908,2.0133147,charge
1600.506162,2.0144565,charge
1600.974412,2.0156596,charge
1601.442666,2.0167706,charge
1601.910926,2.0179164,charge
1602.379176,2.0191996,charge
1602.847434,2.0204253,charge
1603.315697,2.0215788,charge
1603.78396,2.0228658,charge
1604.252233,2.0240762,charge
1604.720512,2.0253785,charge
1605.188787,2.0266578,charge
1605.657046,2.0278492,charge
1606.125305,2.0292356,charge
1606.593561,2.0305989,charge
1607.061818,2.0318439,charge
1607.530077,2.0331268,charge
1607.998337,2.0345209,charge
1608.466602,2.0358498,charge
1608.934867,2.0372744,charge
1609.403132,2.0385957,charge
1609.871398,2.0399704,charge
1610.339665,2.0413451,charge
1610.80793,2.0429299,charge
1611.27619,2.0441558,charge
1611.744444,2.0456414,charge
1612.212693,2.0470812,charge
1612.68094,2.048517,charge
1613.149188,2.0499873,charge
1613.617439,2.0515034,charge
1614.085682,2.0529966,charge
1614.553924,2.0545051,charge
1615.022156,2.0558798,charge
1615.490389,2.0573804,charge
1615.95863,2.0588701,charge
1616.426877,2.0604317,charge
1616.895121,2.0619595,charge
1617.363365,2.0635443,charge
1617.831607,2.0650108,charge
1618.299844,2.0666528,charge
1618.768094,2.0683331,charge
1619.236346,2.0697348,charge
1619.704598,2.0713463,charge
1620.172849,2.0728967,charge
1620.641096,2.07447,charge
1621.109351,2.0761006,charge
1621.57761,2.0778077,charge
1622.045872,2.0793505,charge
1622.514137,2.081069,charge
1622.982403,2.0826464,charge
1623.45067,2.0840096,charge
1623.918926,2.0858581,charge
1624.387186,2.0874925,charge
1624.855449,2.0892377,charge
1625.323713,2.090811,charge
1625.791976,2.0925829,charge
1626.260239,2.0941677,charge
1626.728502,2.0958176,charge
1627.196763,2.0978072,charge
1627.665019,2.0991247,charge
1628.133284,2.1010301,charge
1628.601539,2.1025884,charge
1629.069794,2.1043756,charge
1629.538045,2.1061399,charge
1630.006302,2.1078546,charge
1630.47455,2.1096227,charge
1630.942788,2.1113069,charge
1631.411038,2.1130254,charge
1631.879284,2.1148469,charge
1632.347535,2.1165426,charge
1632.815784,2.118284,charge
1633.284034,2.1201322,charge
1633.752289,2.122015,charge
1634.220548,2.1236379,charge
1634.688796,2.1254444,charge
1635.157044,2.1272621,charge
1635.625291,2.1290226,charge
1636.093547,2.1306798,charge
1636.561805,2.1326201,charge
1637.030065,2.1344531,charge
1637.498331,2.1361525,charge
1637.966597,2.1379473,charge
1638.434874,2.1397231,charge
1638.903141,2.1415906,charge
1639.371407,2.1433091,charge
1639.839677,2.1451459,charge
1640.307945,2.1470897,charge
1640.776216,2.1488502,charge
1641.244494,2.150645,charge
1641.712761,2.1525238,charge
1642.181027,2.1542883,charge
1642.649293,2.1561861,charge
1643.117557,2.1579545,charge
1643.585824,2.159837,charge
1644.054091,2.1616626,charge
1644.522365,2.1634803,charge
1644.990639,2.165344,charge
1645.458914,2.167196,charge
1645.927188,2.1690674,charge
1646.395468,2.1710188,charge
1646.863747,2.1728442,charge
1647.332021,2.1746199,charge
1647.800293,2.1764951,charge
1648.268563,2.1782899,charge
1648.736836,2.1801953,charge
1649.205105,2.1819828,charge
1649.673373,2.1838233,charge
1650.141635,2.1856792,charge
1650.609894,2.1874473,charge
1651.078153,2.1895134,charge
1651.546409,2.1912434,charge
1652.014662,2.1931338,charge
1652.482918,2.1949134,charge
1652.951174,2.1967428,charge
1653.419425,2.1987283,charge
1653.887687,2.2005873,charge
1654.355948,2.202424,charge
1654.824205,2.2042687,charge
1655.292466,2.2061477,charge
1655.76074,2.2079806,charge
1656.228999,2.2097754,charge
1656.697258,2.211555,charge
1657.165517,2.2134111,charge
1657.633778,2.2152822,charge
1658.102034,2.2170541,charge
1658.570289,2.2189522,charge
1659.038553,2.2207816,charge
1659.506815,2.2226145,charge
1659.975068,2.2244782,charge
1660.44331,2.2262769,charge
1660.911556,2.2281594,charge
1661.379804,2.2299354,charge
1661.848054,2.2318676,charge
1662.316308,2.2336817,charge
1662.784555,2.235507,charge
1663.252805,2.2373018,charge
1663.721055,2.2391541,charge
1664.189306,2.2409222,charge
1664.657565,2.2427781,charge
1665.125828,2.2445922,charge
1665.594085,2.2463794,charge
1666.062344,2.2482123,charge
1666.530605,2.2501256,charge
1666.998865,2.2519243,charge
1667.467128,2.2537038,charge
1667.935388,2.2554722,charge
1668.403646,2.2572823,charge
1668.871902,2.2591114,charge
1669.34016,2.2609332,charge
1669.808413,2.2627013,charge
1670.276668,2.2644577,charge
1670.744922,2.2663138,charge
1671.21318,2.268101,charge
1671.681437,2.2698884,charge
1672.149683,2.2717137,charge
1672.61794,2.2734971,charge
1673.086197,2.275269,charge
1673.55445,2.2771366,charge
1674.0227,2.2787786,charge
1674.490945,2.2806232,charge
1674.959194,2.2824523,charge
1675.427447,2.2840831,charge
1675.895702,2.28579,charge
1676.363956,2.287539,charge
1676.832216,2.2893188,charge
1677.300477,2.2911289,charge
1677.768746,2.2929199,charge
1678.237017,2.2947147,charge
1678.705289,2.296483,charge
1679.173563,2.2983236,charge
1679.641843,2.3000536,charge
1680.11013,2.301753,charge
1680.578411,2.3035364,charge
1681.046683,2.3051784,charge
1681.514941,2.3070345,charge
1681.983205,2.308856,charge
1682.45147,2.3106813,charge
1682.919745,2.3123922,charge
1683.388012,2.3141758,charge
1683.856281,2.3159821,charge
1684.324545,2.3177197,charge
1684.792813,2.3195374,charge
1685.261078,2.3212368,charge
1685.729341,2.3231387,charge
1686.1976,2.3248343,charge
1686.665861,2.3265793,charge
1687.134115,2.3284583,charge
1687.602371,2.3301921,charge
1688.070623,2.3320403,charge
1688.538871,2.3337743,charge
1689.007122,2.3354201,charge
1689.475374,2.3372073,charge
1689.943627,2.3390634,charge
1690.411873,2.3408659,charge
1690.880114,2.3425155,charge
1691.348346,2.3444633,charge
1691.816582,2.3462276,charge
1692.284833,2.3481026,charge
1692.753082,2.3496759,charge
1693.221327,2.3516541,charge
1693.689572,2.3534069,charge
1694.157815,2.3553126,charge
1694.626058,2.3571382,charge
1695.094294,2.358887,charge
1695.56253,2.3607583,charge
1696.03077,2.3625073,charge
1696.49902,2.3644054,charge
1696.967276,2.3662918,charge
1697.435525,2.3680868,charge
1697.903775,2.3700345,charge
1698.372031,2.3718026,charge
1698.84029,2.3737652,charge
1699.308547,2.3755066,charge
1699.776802,2.3773437,charge
1700.245062,2.3792684,charge
1700.713319,2.3810251,charge
1701.181572,2.3828735,charge
1701.649814,2.3847446,charge
1702.11807,2.3866081,charge
1702.586324,2.388468,charge
1703.054585,2.3903086,charge
1703.522841,2.3920767,charge
1703.991111,2.3939443,charge
1704.459379,2.3958499,charge
1704.927635,2.3977442,charge
1705.39589,2.3995886,charge
1705.864146,2.4014409,charge
1706.332391,2.4033463,charge
1706.800643,2.4051604,charge
1707.268897,2.4070773,charge
1707.73716,2.4088991,charge
1708.205424,2.4107435,charge
1708.673692,2.4126415,charge
1709.14196,2.4145663,charge
1709.610234,2.416445,charge
1710.078503,2.4182055,charge
1710.546764,2.4200921,charge
1711.015025,2.4219253,charge
1711.483283,2.4238882,charge
1711.951551,2.4257212,charge
1712.419822,2.4275427,charge
1712.888093,2.4294598,charge
1713.356373,2.4311974,charge
1713.824643,2.4331717,charge
1714.292911,2.4350238,charge
1714.761179,2.4368608,charge
1715.229443,2.4387281,charge
1715.697701,2.4405153,charge
1716.165962,2.4424784,charge
1716.634226,2.4444029,charge
1717.102489,2.446198,charge
1717.57075,2.4480958,charge
1718.039013,2.4499328,charge
1718.507279,2.4517467,charge
1718.975547,2.4538202,charge
1719.443813,2.455512,charge
1719.912079,2.457303,charge
1720.38034,2.4591591,charge
1720.848602,2.4610534,charge
1721.316874,2.4629321,charge
1721.785149,2.4648111,charge
1722.253429,2.4666939,charge
1722.721712,2.4686298,charge
1723.189998,2.4705279,charge
1723.658282,2.4723303,charge
1724.126562,2.4741292,charge
1724.594836,2.4760692,charge
1725.063111,2.4779632,charge
1725.531385,2.4797812,charge
1725.999659,2.4817133,charge
1726.467939,2.4836724,charge
1726.936222,2.4854176,charge
1727.404497,2.4873998,charge
1727.872775,2.4891791,charge
1728.341045,2.4910581,charge
1728.809309,2.4928951,charge
1729.277574,2.4948618,charge
1729.745838,2.49663,charge
1730.214101,2.4985163,charge
1730.682364,2.5004144,charge
1731.15062,2.5022705,charge
1731.618874,2.504302,charge
1732.087122,2.5061657,charge
1732.555368,2.508136,charge
1733.023621,2.510015,charge
1733.491875,2.5118899,charge
1733.960135,2.5138798,charge
1734.42839,2.5157394,charge
1734.896637,2.5177293,charge
1735.36489,2.5195622,charge
1735.83314,2.5215137,charge
1736.301384,2.5234115,charge
1736.769633,2.5254281,charge
1737.237875,2.5272992,charge
1737.706117,2.5291171,charge
1738.174364,2.5311449,charge
1738.64261,2.5331078,charge
1739.110849,2.5350208,charge
1739.579096,2.5371327,charge
1740.047343,2.5390997,charge
1740.515582,2.5410852,charge
1740.983819,2.5431933,charge
1741.452058,2.5451906,charge
1741.920286,2.5471802,charge
1742.388514,2.5491853,charge
1742.856748,2.5512931,charge
1743.324993,2.5533628,charge
1743.793243,2.555196,charge
1744.261491,2.5572622,charge
1744.729739,2.5592442,charge
1745.197986,2.5612109,charge
1745.666232,2.5632043,charge
1746.134472,2.5651977,charge
1746.602718,2.5672026,charge
1747.070967,2.5692496,charge
1747.539216,2.5713117,charge
1748.007471,2.5733626,charge
1748.475722,2.5754361,charge
1748.943975,2.5775287,charge
1749.41222,2.5795453,charge
1749.880454,2.5815883,charge
1750.348688,2.5836122,charge
1750.81693,2.5856898,charge
1751.285177,2.5875418,charge
1751.753427,2.5899515,charge
1752.221676,2.5920253,charge
1752.689924,2.5942364,charge
1753.158174,2.5962679,charge
1753.626426,2.5984828,charge
1753.963589,2.600106,charge
1753.963598,2.5999875,charge
1753.963598,2.5654726,charge
1753.963598,2.5077467,charge
8.75E-06,2.4973283,dischage
0.465047544,2.1895547,dischage
0.930083339,2.0995171,dischage
1.395108273,2.0515788,dischage
1.860127704,2.0207224,dischage
2.325142566,1.9980115,dischage
2.790155397,1.9802308,dischage
3.255169335,1.9653257,dischage
3.720182009,1.9524714,dischage
4.185197095,1.9411829,dischage
4.650214847,1.9308451,dischage
5.115237005,1.9216112,dischage
5.580245212,1.9131409,dischage
6.045249873,1.9052091,dischage
6.510258099,1.8978082,dischage
6.975267344,1.890915,dischage
7.440286445,1.8843542,dischage
7.905313498,1.8781409,dischage
8.370335244,1.8722026,dischage
8.83535972,1.8664476,dischage
9.300381809,1.8612195,dischage
9.765401653,1.8560067,dischage
10.23042023,1.8512064,dischage
10.69544248,1.8463832,dischage
11.16046379,1.841942,dischage
11.62548196,1.8374623,dischage
12.09049767,1.8332043,dischage
12.55551193,1.8291755,dischage
13.02052177,1.825158,dischage
13.48553123,1.8213658,dischage
13.95054394,1.8176005,dischage
14.41555532,1.8139572,dischage
14.88057379,1.8103522,dischage
15.34559484,1.8070413,dischage
15.81061131,1.8036883,dischage
16.27561988,1.8004843,dischage
16.7406351,1.7973185,dischage
17.20565158,1.7941946,dischage
17.67066914,1.7911088,dischage
18.13568991,1.7881378,dischage
18.60070964,1.7853158,dischage
19.06573135,1.7825089,dischage
19.53074353,1.7796676,dischage
19.99575362,1.7769715,dischage
20.46076409,1.7742105,dischage
20.92577733,1.7717091,dischage
21.39077677,1.7690741,dischage
21.85577221,1.7665689,dischage
22.32075595,1.7639606,dischage
22.78574842,1.7615814,dischage
23.25074672,1.7592596,dischage
23.71574955,1.7568728,dischage
24.18075569,1.754528,dischage
24.64576796,1.7522175,dischage
25.11078033,1.7500676,dischage
25.57578681,1.7476732,dischage
26.04079656,1.7456338,dischage
26.50580007,1.7433234,dischage
26.97080676,1.7412841,dischage
27.43582884,1.7391264,dischage
27.90085345,1.7369802,dischage
28.36587229,1.7349868,dischage
28.8308848,1.7329743,dischage
29.29589456,1.7309159,dischage
29.76089585,1.7288079,dischage
30.22589697,1.7269175,dischage
30.69089383,1.7249279,dischage
31.15589366,1.7229803,dischage
31.62089502,1.7211435,dischage
32.08589905,1.7192225,dischage
32.55089919,1.7174162,dischage
33.01589606,1.7155297,dischage
33.48090092,1.7137233,dischage
33.94591223,1.7118292,dischage
34.41092461,1.7100801,dischage
34.87593426,1.7082891,dischage
35.34094333,1.7065171,dischage
35.80594232,1.7047719,dischage
36.27094966,1.7030343,dischage
36.73595621,1.7013731,dischage
37.20097609,1.6996585,dischage
37.66599682,1.6978712,dischage
38.13101355,1.6961604,dischage
38.59603832,1.6945527,dischage
39.06105516,1.6928074,dischage
39.52607415,1.6912913,dischage
39.99108942,1.6895232,dischage
40.45610002,1.6879536,dischage
40.92111667,1.6862886,dischage
41.38612985,1.6847649,dischage
41.85114081,1.6830808,dischage
42.31614644,1.6814883,dischage
42.78114881,1.6799226,dischage
43.24615429,1.6784561,dischage
43.7111554,1.6769094,dischage
44.1761505,1.6753361,dischage
44.64115024,1.6739231,dischage
45.10615661,1.6722887,dischage
45.5711545,1.6707764,dischage
46.0361507,1.6693596,dischage
46.50115084,1.6679046,dischage
46.96614574,1.6664114,dischage
47.43114071,1.6648877,dischage
47.89613985,1.663467,dischage
48.36114773,1.6619701,dischage
48.82615887,1.6605303,dischage
49.29116246,1.6591288,dischage
49.75617146,1.6576738,dischage
50.22116263,1.6563219,dischage
50.68615234,1.6548631,dischage
51.15114804,1.6534463,dischage
51.61614812,1.6520295,dischage
52.08114403,1.6506661,dischage
52.54613879,1.6492876,dischage
53.01113809,1.6479701,dischage
53.47613781,1.6465914,dischage
53.94114408,1.6452701,dischage
54.40614225,1.6438457,dischage
54.87113948,1.6425587,dischage
55.3361401,1.641119,dischage
55.80114391,1.6398932,dischage
56.26615391,1.6385221,dischage
56.73115683,1.6371512,dischage
57.196161,1.6358833,dischage
57.6611631,1.6346384,dischage
58.12616397,1.6332254,dischage
58.5911732,1.631992,dischage
59.05618665,1.6306705,dischage
59.52120022,1.6293799,dischage
59.98621087,1.6281234,dischage
60.45123215,1.6267753,dischage
60.91623987,1.6254731,dischage
61.38124509,1.6243312,dischage
61.8462378,1.6230023,dischage
62.31123653,1.6218948,dischage
62.77622886,1.6204666,dischage
63.24123378,1.6193132,dischage
63.70623423,1.6180186,dischage
64.1712245,1.6168081,dischage
64.63621467,1.6156051,dischage
65.10120293,1.61428,dischage
65.56619399,1.6131649,dischage
66.03117822,1.6118703,dischage
66.49616051,1.6106826,dischage
66.9611408,1.6094568,dischage
67.42612858,1.6082386,dischage
67.8911165,1.6070318,dischage
68.35611268,1.605974,dischage
68.82110225,1.6046144,dischage
69.28608813,1.6034573,dischage
69.75108609,1.6022582,dischage
70.21608794,1.6010286,dischage
70.68108619,1.6000433,dischage
71.14608815,1.5987295,dischage
71.61109206,1.5975419,dischage
72.07609258,1.5963848,dischage
72.54109586,1.5952697,dischage
73.00610113,1.5941737,dischage
73.47109578,1.5928943,dischage
73.93609037,1.5917754,dischage
74.40108453,1.5905687,dischage
74.8660769,1.5894688,dischage
75.33106514,1.5883805,dischage
75.79606033,1.5870744,dischage
76.2610517,1.5860127,dischage
76.72604417,1.5848824,dischage
77.19102759,1.5838741,dischage
77.65603055,1.5826216,dischage
78.12103799,1.5814682,dischage
78.58604243,1.5803074,dischage
79.05104951,1.5792152,dischage
79.51605165,1.5781344,dischage
79.9810532,1.5769925,dischage
80.44605365,1.5758774,dischage
80.91105778,1.5746821,dischage
81.37606013,1.5735899,dischage
81.84107305,1.5725551,dischage
82.30608297,1.5714017,dischage
82.77110287,1.5702217,dischage
83.23612013,1.5691868,dischage
83.70113253,1.5681328,dischage
84.16613312,1.5670062,dischage
84.63113625,1.5658872,dischage
85.09614744,1.5647531,dischage
85.56116187,1.5636799,dischage
86.02617012,1.5627177,dischage
86.49117187,1.561572,dischage
86.95616833,1.560495,dischage
87.42116543,1.5593532,dischage
87.88616088,1.5582877,dischage
88.35115847,1.5572108,dischage
88.81615051,1.5561224,dischage
89.28114134,1.5550952,dischage
89.74613272,1.5540297,dischage
90.21112361,1.5529566,dischage
90.67611839,1.5519331,dischage
91.14111276,1.550776,dischage
91.60610921,1.5498022,dischage
92.07110493,1.5487405,dischage
92.53610302,1.5475796,dischage
93.00110079,1.5466325,dischage
93.46609742,1.5455976,dischage
93.93108967,1.544471,dischage
94.3960774,1.5434017,dischage
94.86107112,1.5423554,dischage
95.32606912,1.5413816,dischage
95.79105792,1.5402932,dischage
96.25604181,1.5394111,dischage
96.72101704,1.5381891,dischage
97.18598934,1.5371426,dischage
97.6509624,1.5361421,dischage
98.11595077,1.5351033,dischage
98.58093484,1.534183,dischage
99.04591424,1.5331481,dischage
99.51090648,1.5320101,dischage
99.97589457,1.5309905,dischage
100.4408869,1.5300815,dischage
100.9058826,1.5289512,dischage
101.3708744,1.5280766,dischage
101.8358667,1.5270456,dischage
102.3008639,1.525919,dischage
102.7658518,1.5249566,dischage
103.2308363,1.523876,dischage
103.6958188,1.5230089,dischage
104.160799,1.5221382,dischage
104.6257683,1.5209621,dischage
105.0907496,1.5199807,dischage
105.5557392,1.5190527,dischage
106.0207254,1.5180445,dischage
106.4857179,1.5170516,dischage
106.9507089,1.5160282,dischage
107.4157032,1.5151613,dischage
107.8806981,1.5141646,dischage
108.3456948,1.5131946,dischage
108.8106953,1.5121672,dischage
109.2757,1.5112584,dischage
109.7407052,1.5102578,dischage
110.2057048,1.5093871,dischage
110.6706997,1.5083483,dischage
111.1356973,1.5074319,dischage
111.6006848,1.5063931,dischage
112.0656804,1.5055606,dischage
112.5306728,1.5045409,dischage
112.9956636,1.5037047,dischage
113.4606539,1.5027002,dischage
113.9256425,1.5017226,dischage
114.3906437,1.5008595,dischage
114.8556447,1.4999239,dischage
115.3206528,1.4990418,dischage
115.7856532,1.498087,dischage
116.2506573,1.4972355,dischage
116.7156599,1.4963075,dischage
117.180661,1.4954368,dischage
117.6456631,1.494547,dischage
118.1106684,1.4936954,dischage
118.5756784,1.4928209,dischage
119.0406912,1.4919004,dischage
119.5057043,1.4910145,dischage
119.9707144,1.4902049,dischage
120.435721,1.48938,dischage
120.9007237,1.4885246,dischage
121.3657377,1.4876845,dischage
121.8307513,1.4869436,dischage
122.2957661,1.4859507,dischage
122.7607674,1.4852672,dischage
123.22577,1.4845377,dischage
123.690777,1.4836861,dischage
124.1557877,1.4829261,dischage
124.6208042,1.4822234,dischage
125.0858148,1.4814597,dischage
125.5508225,1.4806769,dischage
126.0158355,1.4799398,dischage
126.4808481,1.4792868,dischage
126.9458632,1.4784962,dischage
127.4108707,1.4777745,dischage
127.8758741,1.4770451,dischage
128.3408855,1.4764646,dischage
128.805901,1.4757276,dischage
129.2709038,1.4750173,dischage
129.7359055,1.474265,dischage
130.2009125,1.4736768,dischage
130.6659246,1.4731193,dischage
131.1309378,1.4724815,dischage
131.5959444,1.4718744,dischage
132.0609424,1.47129,dischage
132.5259405,1.4705797,dischage
132.9909299,1.4701711,dischage
133.4559182,1.4695638,dischage
133.9209068,1.468991,dischage
134.3858941,1.4685825,dischage
134.8508841,1.4679028,dischage
135.3158807,1.4676278,dischage
135.780878,1.4671313,dischage
136.2458848,1.4665852,dischage
136.7108878,1.4662759,dischage
137.1758854,1.4657947,dischage
137.640881,1.4653555,dischage
138.1058848,1.4648438,dischage
138.5708877,1.4645039,dischage
139.0358956,1.4640954,dischage
139.5008986,1.4636829,dischage
139.9658982,1.4633048,dischage
140.4308926,1.4628656,dischage
140.8958867,1.4625105,dischage
141.3608811,1.4620522,dischage
141.8258762,1.4616398,dischage
142.290876,1.4613839,dischage
142.7558688,1.4609143,dischage
143.2208679,1.4605781,dischage
143.685878,1.460158,dischage
144.1508858,1.4597914,dischage
144.6158913,1.4595126,dischage
145.0809029,1.4591346,dischage
145.5459147,1.4587947,dischage
146.0109178,1.4584968,dischage
146.4759275,1.4581684,dischage
146.9409357,1.4577789,dischage
147.4059477,1.4575498,dischage
147.8709571,1.4572634,dischage
148.3359646,1.4568701,dischage
148.8009695,1.456576,dischage
149.2659713,1.4562781,dischage
149.7309643,1.4559573,dischage
150.1959586,1.4556212,dischage
150.660951,1.4553845,dischage
151.1259391,1.4550217,dischage
151.5909386,1.4547544,dischage
152.0559346,1.4546016,dischage
152.5209295,1.4542388,dischage
152.9859201,1.4539676,dischage
153.4509065,1.453727,dischage
153.9158922,1.4534483,dischage
154.3808766,1.453181,dischage
154.8458654,1.4529901,dischage
155.3108589,1.4526578,dischage
155.7758572,1.4524019,dischage
156.2408529,1.4521079,dischage
156.7058488,1.451871,dischage
157.1708454,1.4516459,dischage
157.6358514,1.4513747,dischage
158.1008516,1.4511455,dischage
158.5658462,1.4507369,dischage
159.0308308,1.4507025,dischage
159.4958199,1.4504925,dischage
159.9608203,1.4501984,dischage
160.4258264,1.4500036,dischage
160.8908199,1.4499043,dischage
161.3558117,1.4495645,dischage
161.8208029,1.4492437,dischage
162.2857907,1.4489917,dischage
162.7507815,1.4486861,dischage
163.2157683,1.4486365,dischage
163.6807567,1.4483845,dischage
164.1457461,1.4480828,dischage
164.610743,1.4479147,dischage
165.0757455,1.4477391,dischage
165.540749,1.4475291,dischage
166.0057418,1.4471433,dischage
166.4707352,1.4470861,dischage
166.9357318,1.4468149,dischage
167.4007294,1.4467003,dischage
167.8657232,1.4464636,dischage
168.3307182,1.4463605,dischage
168.7957033,1.4460588,dischage
169.2606926,1.4459099,dischage
169.725691,1.4456387,dischage
170.1906872,1.4454362,dischage
170.6556852,1.4452683,dischage
171.1206858,1.4450964,dischage
171.5856855,1.4448863,dischage
172.050688,1.4446687,dischage
172.5156946,1.4445274,dischage
172.9807063,1.4443327,dischage
173.4457175,1.4441684,dischage
173.910731,1.4439279,dischage
174.3757421,1.4437407,dischage
174.8407522,1.4435804,dischage
175.3057666,1.4433397,dischage
175.7707814,1.443187,dischage
176.2357877,1.4429502,dischage
176.7007978,1.4427631,dischage
177.165811,1.44266,dischage
177.630822,1.4424614,dischage
178.0958379,1.4421979,dischage
178.5608495,1.4421062,dischage
179.0258618,1.4419038,dischage
179.49087,1.441942,dischage
179.9558731,1.4414914,dischage
180.4208743,1.441415,dischage
180.8858837,1.4412394,dischage
181.3508842,1.4411134,dischage
181.8158875,1.4409835,dischage
182.2808926,1.4407085,dischage
182.7458905,1.4405634,dischage
183.2108755,1.4404908,dischage
183.6758541,1.4402465,dischage
184.1408254,1.4401127,dischage
184.6058018,1.4399562,dischage
185.0707882,1.4398111,dischage
185.5357817,1.4395515,dischage
186.0007715,1.4394674,dischage
186.4657626,1.4392841,dischage
186.9307515,1.439181,dischage
187.3957423,1.4389633,dischage
187.8607308,1.4388487,dischage
188.3257177,1.4385279,dischage
188.7907117,1.4384553,dischage
189.2557015,1.4383522,dischage
189.7206922,1.4381957,dischage
190.1856908,1.4378597,dischage
190.6506912,1.4378558,dischage
191.115685,1.4376954,dischage
191.5806807,1.4375695,dischage
192.0456824,1.437367,dischage
192.5106856,1.4373479,dischage
192.9756871,1.4370577,dischage
193.4406844,1.4369508,dischage
193.9056842,1.4368132,dischage
194.3706849,1.4366834,dischage
194.83569,1.4365231,dischage
195.3006858,1.4363321,dischage
195.7656688,1.4360801,dischage
196.2306521,1.4361182,dischage
196.6956435,1.4359694,dischage
197.1606406,1.4357784,dischage
197.6256419,1.4356179,dischage
198.0906351,1.4355378,dischage
198.5556291,1.4353354,dischage
199.0206254,1.4351749,dischage
199.4856293,1.4351559,dischage
199.9506348,1.4350184,dischage
200.415643,1.4348962,dischage
200.8806489,1.4346595,dischage
201.3456492,1.4346404,dischage
201.8106453,1.4345257,dischage
202.2756394,1.4343196,dischage
202.7406334,1.4342356,dischage
203.2056194,1.4341363,dischage
203.6706024,1.4340675,dischage
204.1355835,1.4338498,dischage
204.6005574,1.4337621,dischage
205.0655275,1.4337467,dischage
205.5305044,1.4336399,dischage
205.9954826,1.4335023,dischage
206.4604734,1.4333305,dischage
206.9254659,1.4331625,dischage
207.3904514,1.4330403,dischage
207.85544,1.4329143,dischage
208.3204347,1.4327805,dischage
208.7854332,1.4326125,dischage
209.2504302,1.4325438,dischage
209.7154226,1.4325094,dischage
210.1804157,1.4324216,dischage
210.6454107,1.4322039,dischage
211.1104015,1.4321122,dischage
211.5753993,1.4319977,dischage
212.0404048,1.4318564,dischage
212.5054141,1.4317685,dischage
212.9704182,1.4316387,dischage
213.4354196,1.4315509,dischage
213.9004222,1.4313751,dischage
214.3654304,1.4312721,dischage
214.8304338,1.4312378,dischage
215.2954312,1.431127,dischage
215.7604319,1.4310238,dischage
216.2254364,1.4309666,dischage
216.6904481,1.4308368,dischage
217.1554633,1.4307451,dischage
217.6204733,1.4305427,dischage
218.0854798,1.4305007,dischage
218.5504823,1.4304091,dischage
219.0154785,1.4302983,dischage
219.4804681,1.4303594,dischage
219.9454632,1.4301761,dischage
220.410461,1.4299278,dischage
220.8754476,1.4299241,dischage
221.3404398,1.4297522,dischage
221.80544,1.4297216,dischage
222.2704416,1.429588,dischage
222.7354494,1.4295117,dischage
223.2004598,1.4294276,dischage
223.6654705,1.4293474,dischage
224.1304749,1.4293666,dischage
224.595477,1.429103,dischage
225.0604791,1.4290496,dischage
225.5254757,1.428977,dischage
225.9904725,1.4288968,dischage
226.4554793,1.4287708,dischage
226.9204835,1.4286371,dischage
227.3854808,1.4285569,dischage
227.8504782,1.428408,dischage
228.3154784,1.4283316,dischage
228.7804817,1.4282933,dischage
229.2454834,1.4281483,dischage
229.7104915,1.4281025,dischage
230.1755085,1.4280032,dischage
230.6405243,1.4278657,dischage
231.1055354,1.4277817,dischage
231.5705523,1.4277626,dischage
232.0355654,1.4276824,dischage
232.5005737,1.4276289,dischage
232.9655886,1.4274342,dischage
233.4306037,1.4273502,dischage
233.8956141,1.4272547,dischage
234.3606186,1.427247,dischage
234.8256202,1.4270751,dischage
235.2906316,1.4269606,dischage
235.7556383,1.4269758,dischage
236.2206435,1.4268498,dischage
236.6856453,1.4267658,dischage
237.1506481,1.4267467,dischage
237.6156487,1.426445,dischage
238.0806544,1.4265481,dischage
238.545664,1.4264297,dischage
239.0106778,1.4263496,dischage
239.4756973,1.4263114,dischage
239.9407061,1.4262809,dischage
240.4057155,1.4261013,dischage
240.8707323,1.4260098,dischage
241.3357492,1.4260058,dischage
241.8007617,1.4258341,dischage
242.2657709,1.4258531,dischage
242.7307863,1.425792,dischage
243.1957873,1.4257386,dischage
243.6607925,1.4255209,dischage
244.1258026,1.4254751,dischage
244.5908145,1.4253452,dischage
245.0558248,1.4252689,dischage
245.5208376,1.4252154,dischage
245.9858411,1.4251658,dischage
246.4508354,1.4251008,dischage
246.9158345,1.4250358,dischage
247.3808428,1.4248984,dischage
247.8458462,1.4247876,dischage
248.3108447,1.4247036,dischage
248.7758549,1.4246311,dischage
249.2408637,1.4245852,dischage
249.7058638,1.424467,dischage
250.1708617,1.4244897,dischage
250.6358606,1.4244058,dischage
251.1008496,1.4243523,dischage
251.5658414,1.4241537,dischage
252.0308455,1.4240736,dischage
252.4958547,1.4239857,dischage
252.9608704,1.4240353,dischage
253.4258804,1.4239093,dischage
253.8908862,1.4237757,dischage
254.3558894,1.4237413,dischage
254.8208974,1.4235656,dischage
255.285908,1.4234015,dischage
255.7509204,1.4235084,dischage
256.2159235,1.4234396,dischage
256.6809259,1.4233174,dischage
257.145931,1.4233021,dischage
257.610942,1.4231762,dischage
258.0759498,1.4231112,dischage
258.5409513,1.4230616,dischage
259.0059502,1.4229355,dischage
259.4709516,1.4229355,dischage
259.9359463,1.4228783,dischage
260.4009435,1.422821,dischage
260.8659324,1.4227178,dischage
261.3309171,1.4226568,dischage
261.795894,1.422546,dischage
262.2608858,1.4225384,dischage
262.7258784,1.4223894,dischage
263.1908759,1.4223245,dischage
263.6558773,1.4222634,dischage
264.1208663,1.4221832,dischage
264.5858599,1.4220724,dischage
265.050852,1.4220228,dischage
265.515847,1.4220037,dischage
265.9808428,1.4219846,dischage
266.4458508,1.4218738,dischage
266.9108628,1.421809,dischage
267.3758743,1.4217097,dischage
267.84088,1.4216791,dischage
268.3058897,1.4216256,dischage
268.7708978,1.4215913,dischage
269.2359107,1.4214346,dischage
269.7009214,1.4214271,dischage
270.1659344,1.4213774,dischage
270.630942,1.4214615,dischage
271.095955,1.4211942,dischage
271.5609644,1.4211178,dischage
272.0259693,1.421091,dischage
272.4909745,1.421007,dischage
272.9559867,1.4209116,dischage
273.4210028,1.4209306,dischage
273.88602,1.420858,dischage
274.3510348,1.4209077,dischage
274.8160506,1.4206939,dischage
275.2810639,1.4206251,dischage
275.7460787,1.4205678,dischage
276.2110935,1.4203998,dischage
276.676105,1.4204189,dischage
277.1411156,1.4204036,dischage
277.6061226,1.4202776,dischage
278.0711293,1.4201859,dischage
278.536137,1.4201592,dischage
279.0011406,1.4201133,dischage
279.4661479,1.4200485,dischage
279.9311617,1.4199568,dischage
280.3961825,1.4199339,dischage
280.8612015,1.4197887,dischage
281.326216,1.4197963,dischage
281.7912274,1.4197429,dischage
282.2562447,1.4196589,dischage
282.7212583,1.4195864,dischage
283.1862803,1.4195712,dischage
283.6513061,1.4194527,dischage
284.1163288,1.4193954,dischage
284.5813475,1.4194298,dischage
285.0463614,1.4191548,dischage
285.5113691,1.4192694,dischage
285.9763764,1.4191968,dischage
286.4413834,1.4191701,dischage
286.9063989,1.4190594,dischage
287.3714167,1.418918,dischage
287.8364278,1.4187577,dischage
288.3014405,1.418918,dischage
288.7664462,1.4188455,dischage
289.2314503,1.4187233,dischage
289.6964624,1.4186774,dischage
290.1614718,1.4186622,dischage
290.6264734,1.4186317,dischage
291.0914715,1.4185247,dischage
291.5564719,1.4184445,dischage
292.0214713,1.4183949,dischage
292.486466,1.4183376,dischage
292.9514708,1.4183185,dischage
293.416483,1.4181161,dischage
293.8814964,1.4182078,dischage
294.3465022,1.4180588,dischage
294.8115052,1.4179672,dischage
295.2765069,1.4179672,dischage
295.7415079,1.4179442,dischage
296.2065119,1.4178717,dischage
296.6715137,1.4177724,dischage
297.136518,1.4177419,dischage
297.6015175,1.41757,dischage
298.0665173,1.41757,dischage
298.5315121,1.4175166,dischage
298.9965052,1.4174784,dischage
299.4615019,1.4174097,dischage
299.9265023,1.4173447,dischage
300.3915057,1.4173218,dischage
300.8565082,1.4172339,dischage
301.3215187,1.4171882,dischage
301.7865268,1.4171729,dischage
302.2515202,1.4170582,dischage
302.7165093,1.417066,dischage
303.1814958,1.4169017,dischage
303.6464807,1.4169667,dischage
304.1114749,1.4169055,dischage
304.5764722,1.4167376,dischage
305.0414602,1.4164969,dischage
305.5064481,1.4167719,dischage
305.9714423,1.4165771,dischage
306.4364328,1.4166535,dischage
306.9014234,1.4165351,dischage
307.3664228,1.4165618,dischage
307.8314221,1.4164128,dischage
308.2964232,1.416348,dischage
308.7614271,1.4162525,dischage
309.226428,1.416241,dischage
309.6914254,1.416157,dischage
310.1564216,1.4161341,dischage
310.6214199,1.4160234,dischage
311.086421,1.4159584,dischage
311.5514196,1.4160272,dischage
312.0164199,1.4157484,dischage
312.4814158,1.4158897,dischage
312.9464062,1.4157981,dischage
313.4114018,1.4156492,dischage
313.8763966,1.4156109,dischage
314.3413888,1.4155651,dischage
314.8063895,1.4155574,dischage
315.2713877,1.415504,dischage
315.7363918,1.4154239,dischage
316.2013945,1.4153856,dischage
316.6663958,1.4153016,dischage
317.1313943,1.4152061,dischage
317.596396,1.4151603,dischage
318.0614005,1.4150839,dischage
318.5264074,1.4148662,dischage
318.9914074,1.415061,dischage
319.456408,1.4149617,dischage
319.9214141,1.4149464,dischage
320.3864238,1.4147631,dischage
320.8514377,1.414786,dischage
321.3164467,1.4147135,dischage
321.7814481,1.4146256,dischage
322.2464456,1.4145951,dischage
322.711441,1.414557,dischage
323.1764364,1.414469,dischage
323.6414391,1.4144614,dischage
324.1064467,1.414301,dischage
324.5714565,1.4143392,dischage
325.0364628,1.4142591,dischage
325.5014606,1.4141598,dischage
325.966468,1.414156,dischage
326.4314778,1.4140987,dischage
326.8964804,1.4140069,dischage
327.3614858,1.413965,dischage
327.8264982,1.4141254,dischage
328.2915124,1.4137818,dischage
328.7565161,1.4137816,dischage
329.2215102,1.4137435,dischage
329.68651,1.4136901,dischage
330.1515049,1.4135984,dischage
330.6164914,1.4136442,dischage
331.0814811,1.4135563,dischage
331.5464662,1.41348,dischage
332.0114607,1.4134532,dischage
332.4764545,1.4133196,dischage
332.9414579,1.4132624,dischage
333.4064637,1.413247,dischage
333.8714708,1.4132394,dischage
334.3364825,1.413186,dischage
334.8014935,1.4130638,dischage
335.2665087,1.4130369,dischage
335.7315192,1.4129186,dischage
336.1965327,1.4129378,dischage
336.6615384,1.4128194,dischage
337.1265427,1.4128041,dischage
337.5915429,1.4127125,dischage
338.0565508,1.4127239,dischage
338.521563,1.4126818,dischage
338.9865714,1.41251,dischage
339.4515874,1.412487,dischage
339.9165991,1.4123763,dischage
340.381604,1.4123726,dischage
340.8466116,1.4123152,dischage
341.3116272,1.4123076,dischage
341.7766421,1.412151,dischage
342.2416565,1.4121358,dischage
342.7066652,1.4120059,dischage
343.1716613,1.4120288,dischage
343.6366653,1.4119486,dischage
344.1016742,1.4119716,dischage
344.5666806,1.411899,dischage
345.0316901,1.411857,dischage
345.4967087,1.4117348,dischage
345.9617228,1.4116927,dischage
346.4267392,1.4117539,dischage
346.8917536,1.4116203,dischage
347.3567555,1.4115132,dischage
347.8217652,1.411498,dischage
348.2867811,1.4114101,dischage
348.7517959,1.4112957,dischage
349.2168088,1.411288,dischage
349.6818189,1.4112231,dischage
350.146826,1.4112002,dischage
350.6118372,1.4110742,dischage
351.0768463,1.411097,dischage
351.5418507,1.4110054,dischage
352.0068524,1.4110359,dischage
352.4718471,1.4109672,dischage
352.9368451,1.4108297,dischage
353.401836,1.4108374,dischage
353.8668441,1.4107724,dischage
354.3318457,1.4106541,dischage
354.7968575,1.4106541,dischage
355.2618729,1.4106082,dischage
355.7268914,1.4104631,dischage
356.1919141,1.4104631,dischage
356.6569409,1.4104326,dischage
357.1219699,1.4102798,dischage
357.5869954,1.4102416,dischage
358.052023,1.4101537,dischage
358.5170456,1.4101385,dischage
358.9820675,1.4101194,dischage
359.447096,1.4100277,dischage
359.912134,1.4099705,dischage
360.3771751,1.4099514,dischage
360.8422084,1.4098636,dischage
361.3072393,1.4097834,dischage
361.7722655,1.4097948,dischage
362.2372953,1.4096726,dischage
362.7023235,1.4096038,dischage
363.1673503,1.4095695,dischage
363.6323761,1.4095771,dischage
364.0974066,1.4094549,dischage
364.5624372,1.40939,dischage
365.0274596,1.4093328,dischage
365.4924752,1.4092983,dischage
365.957503,1.4092792,dischage
366.4225396,1.409199,dischage
366.8875667,1.4090692,dischage
367.3525966,1.4091494,dischage
367.8176181,1.4089966,dischage
368.2826437,1.4088898,dischage
368.7476766,1.4088477,dischage
369.2127044,1.4088593,dischage
369.6777336,1.4087484,dischage
370.1427559,1.4087255,dischage
370.6077748,1.4086338,dischage
371.072793,1.4085345,dischage
371.5378061,1.4085422,dischage
372.0028235,1.4084811,dischage
372.4678442,1.4083627,dischage
372.9328591,1.4083207,dischage
373.3978751,1.4081184,dischage
373.862889,1.4082749,dischage
374.327908,1.4081146,dischage
374.792937,1.4081527,dischage
375.2579734,1.4081298,dischage
375.7230113,1.4080191,dischage
376.1880412,1.4078853,dischage
376.6530664,1.4078969,dischage
377.1180929,1.407851,dischage
377.5831159,1.4078205,dischage
378.0481395,1.4077135,dischage
378.5131682,1.40766,dischage
378.9781903,1.4075378,dischage
379.4432101,1.4074653,dischage
379.9082244,1.4073889,dischage
380.3732366,1.4074347,dischage
380.8382531,1.4073507,dischage
381.3032631,1.4072896,dischage
381.7682682,1.407198,dischage
382.2332736,1.4071636,dischage
382.6982864,1.4070491,dischage
383.1632955,1.4070643,dischage
383.6282991,1.4069459,dischage
384.0933001,1.4069345,dischage
384.5582959,1.4068581,dischage
385.0232904,1.4068047,dischage
385.4882795,1.4068657,dischage
385.9532674,1.4066862,dischage
386.4182625,1.4065983,dischage
386.8832543,1.4066098,dischage
387.3482409,1.4065068,dischage
387.8132358,1.4063578,dischage
388.2782469,1.4064456,dischage
388.7432566,1.4063425,dischage
389.2082651,1.4062241,dischage
389.6732701,1.4061974,dischage
390.138258,1.4061745,dischage
390.6032379,1.4060562,dischage
391.0682268,1.4059874,dischage
391.5332237,1.4059529,dischage
391.9982227,1.4058957,dischage
392.4632301,1.4059072,dischage
392.9282332,1.4057506,dischage
393.3932279,1.4055902,dischage
393.8582298,1.4056742,dischage
394.3232329,1.4055444,dischage
394.7882323,1.4055558,dischage
395.253228,1.4055444,dischage
395.7182206,1.4053458,dischage
396.1832123,1.4054108,dischage
396.6482026,1.4053763,dischage
397.1131971,1.4052808,dischage
397.5782019,1.4051702,dischage
398.043209,1.4051893,dischage
398.5082198,1.4050326,dischage
398.9732413,1.4049753,dischage
399.4382506,1.4049333,dischage
399.9032556,1.4048188,dischage
400.3682607,1.4047959,dischage
400.8332672,1.4046279,dischage
401.2982734,1.4045973,dischage
401.7632831,1.4046279,dischage
402.2282918,1.4044713,dischage
402.6933022,1.4045362,dischage
403.1583082,1.4044369,dischage
403.6233179,1.4042383,dischage
404.0883291,1.4042498,dischage
404.5533388,1.4042422,dischage
405.0183436,1.4041581,dischage
405.4833431,1.4039862,dischage
405.9483406,1.4040054,dischage
406.4133357,1.4040169,dischage
406.8783349,1.4038221,dischage
407.3433308,1.403803,dischage
407.8083258,1.4036922,dischage
408.2733268,1.4037113,dischage
408.7383241,1.4036196,dischage
409.2033282,1.4037648,dischage
409.6683297,1.4035777,dischage
410.1333366,1.4035051,dischage
410.5983427,1.4034288,dischage
411.0633486,1.4033448,dischage
411.5283563,1.4032378,dischage
411.9933576,1.4032378,dischage
412.4583665,1.4031309,dischage
412.9233778,1.4030735,dischage
413.3883799,1.4029781,dischage
413.8533863,1.4030354,dischage
414.3183935,1.4029094,dischage
414.7833944,1.4027261,dischage
415.2483917,1.4027375,dischage
415.7133941,1.4026382,dischage
416.1783986,1.4026306,dischage
416.6433949,1.4025122,dischage
417.1083956,1.4024893,dischage
417.573396,1.4024473,dischage
418.0383922,1.4023557,dischage
418.503387,1.4023021,dischage
418.9683793,1.4022295,dischage
419.4333727,1.4021952,dischage
419.8983577,1.4021226,dischage
420.3633436,1.4020845,dischage
420.8283332,1.4020157,dischage
421.2933298,1.4019318,dischage
421.7583304,1.4018782,dischage
422.2233256,1.401863,dischage
422.6883307,1.401737,dischage
423.153333,1.40163,dischage
423.61834,1.401588,dischage
424.083348,1.4015957,dischage
424.5483569,1.4014735,dischage
425.013358,1.4014468,dischage
425.4783526,1.4013321,dischage
425.9433499,1.401359,dischage
426.408357,1.4012673,dischage
426.8733576,1.4012023,dischage
427.3383461,1.4011184,dischage
427.8033297,1.4010228,dischage
428.2683322,1.4009961,dischage
428.7333386,1.4009618,dischage
429.1983373,1.4008472,dischage
429.6633415,1.4008204,dischage
430.1283505,1.4007134,dischage
430.5933579,1.4006181,dischage
431.0583637,1.4007174,dischage
431.52338,1.4006181,dischage
431.9883913,1.4004616,dischage
432.4534025,1.4004157,dischage
432.9184093,1.400408,dischage
433.3834207,1.4003049,dischage
433.8484363,1.4002476,dischage
434.3134561,1.400198,dischage
434.7784729,1.4000566,dischage
435.2434902,1.4000529,dischage
435.7084999,1.3999803,dischage
436.1735136,1.3999344,dischage
436.6385435,1.3997436,dischage
437.1035718,1.3997893,dischage
437.568601,1.3997893,dischage
438.033631,1.3997664,dischage
438.4986617,1.3995602,dischage
438.9636884,1.3995183,dischage
439.4287098,1.3995297,dischage
439.8937249,1.3993846,dischage
440.358732,1.3993807,dischage
440.8237347,1.399228,dischage
441.2887396,1.3992586,dischage
441.7537465,1.3990867,dischage
442.2187431,1.3991058,dischage
442.6837376,1.39906,dischage
443.1487284,1.3990905,dischage
443.6137179,1.3989186,dischage
444.0787038,1.3988843,dischage
444.5436859,1.3988041,dischage
445.0086813,1.3987124,dischage
445.4736925,1.3986819,dischage
445.938714,1.3987697,dischage
446.4037395,1.398533,dischage
446.8687614,1.398533,dischage
447.3337848,1.3983916,dischage
447.7988061,1.3983382,dischage
448.2638212,1.3982694,dischage
448.728831,1.3981587,dischage
449.1938402,1.3981777,dischage
449.6588425,1.3981396,dischage
450.1238329,1.3980633,dischage
450.588826,1.3980098,dischage
451.0538278,1.3978952,dischage
451.5188335,1.3979334,dischage
451.9838386,1.3977768,dischage
452.4488437,1.3977004,dischage
452.9138378,1.3976508,dischage
453.3788373,1.3975821,dischage
453.8438399,1.3976202,dischage
454.3088429,1.3973682,dischage
454.7738507,1.3973911,dischage
455.2388523,1.3973185,dischage
455.7038484,1.3972651,dischage
456.1688508,1.3971162,dischage
456.6338477,1.3971658,dischage
457.0988366,1.3969902,dischage
457.5638317,1.3969481,dischage
458.0288211,1.3969138,dischage
458.4938111,1.3968756,dischage
458.9588057,1.3968335,dischage
459.4238016,1.3966961,dischage
459.8887975,1.3966655,dischage
460.3537956,1.3966159,dischage
460.8187927,1.3965663,dischage
461.2837811,1.3965586,dischage
461.7487693,1.3964937,dischage
462.21376,1.3962684,dischage
462.6787516,1.3963027,dischage
463.1437476,1.3962607,dischage
463.6087443,1.396192,dischage
464.0737461,1.3960507,dischage
464.5387464,1.3960086,dischage
465.0037486,1.3959628,dischage
465.4687513,1.3958673,dischage
465.9337549,1.3958025,dischage
466.3987515,1.3956535,dischage
466.8637499,1.3957452,dischage
467.3287518,1.3957146,dischage
467.7937511,1.3955809,dischage
468.2587597,1.3955847,dischage
468.7237715,1.3955733,dischage
469.1887757,1.3954396,dischage
469.6537806,1.3953289,dischage
470.1187868,1.3952067,dischage
470.5837865,1.3952181,dischage
471.0487815,1.3952067,dischage
471.5137696,1.3950769,dischage
471.9787637,1.395012,dischage
472.4437517,1.3949126,dischage
472.9087391,1.3949089,dischage
473.3737245,1.3949012,dischage
473.8387124,1.394779,dischage
474.3037134,1.3947561,dischage
474.7687181,1.3946644,dischage
475.2337166,1.3945079,dischage
475.6987103,1.394462,dischage
476.1637001,1.3944391,dischage
476.6286904,1.394275,dischage
477.0936908,1.3942902,dischage
477.5586859,1.3942482,dischage
478.023682,1.3942405,dischage
478.488681,1.394145,dischage
478.9536735,1.3940611,dischage
479.4186564,1.3939809,dischage
479.8836444,1.393935,dischage
480.3486376,1.3938013,dischage
480.813628,1.3937937,dischage
481.2786242,1.3937899,dischage
481.743623,1.3936753,dischage
482.2086146,1.3935684,dischage
482.6736022,1.393557,dischage
483.1385993,1.3933928,dischage
483.6035923,1.3933812,dischage
484.0685777,1.3933393,dischage
484.533568,1.3933966,dischage
484.9985701,1.3932973,dischage
485.4635695,1.3932133,dischage
485.9285641,1.3930528,dischage
486.3935644,1.3929956,dischage
486.8585676,1.3929727,dischage
487.3235703,1.3928658,dischage
487.7885629,1.3929039,dischage
488.2535425,1.3928467,dischage
488.7185334,1.3926481,dischage
489.1835317,1.3927015,dischage
489.648536,1.3924381,dischage
490.1135373,1.3924953,dischage
490.5785379,1.3924876,dischage
491.0435453,1.3923464,dischage
491.5085584,1.3923197,dischage
491.9735654,1.3922662,dischage
492.4385621,1.3921173,dischage
492.9035698,1.3921592,dischage
493.3685819,1.3920906,dischage
493.8335899,1.3919377,dischage
494.2985974,1.3919607,dischage
494.7636039,1.3918575,dischage
495.2286107,1.3918613,dischage
495.6936266,1.3917124,dischage
496.1586457,1.3916093,dischage
496.6236622,1.3915521,dischage
497.0886763,1.3915597,dischage
497.5536794,1.3915062,dischage
498.0186771,1.3914069,dischage
498.4836861,1.3913459,dischage
498.9486923,1.3912809,dischage
499.4137027,1.391174,dischage
499.8787098,1.3912351,dischage
500.3437139,1.3911206,dischage
500.8087142,1.3910213,dischage
501.2737203,1.3909029,dischage
501.7387289,1.390922,dischage
502.2037344,1.3907615,dischage
502.6687357,1.3907119,dischage
503.1337412,1.3906088,dischage
503.5987423,1.3906469,dischage
504.0637382,1.3904942,dischage
504.5287352,1.3903949,dischage
504.9937267,1.3904369,dischage
505.4587195,1.3903682,dischage
505.9237213,1.3902422,dischage
506.3887272,1.3901772,dischage
506.85373,1.390101,dischage
507.3187325,1.3901008,dischage
507.7837429,1.3899748,dischage
508.2487564,1.389906,dischage
508.7137609,1.3898336,dischage
509.1787615,1.3897991,dischage
509.6437616,1.3896388,dischage
510.1087626,1.3895892,dischage
510.5737637,1.3895968,dischage
511.0387614,1.3895357,dischage
511.5037618,1.3894402,dischage
511.9687602,1.3893142,dischage
512.4337662,1.3893906,dischage
512.8987826,1.3893065,dischage
513.3638075,1.3893027,dischage
513.8288296,1.3891041,dischage
514.2938469,1.3890431,dischage
514.7588686,1.3889858,dischage
515.2238817,1.3889858,dischage
515.6888951,1.3887948,dischage
516.1539035,1.3887872,dischage
516.6189116,1.3887299,dischage
517.0839165,1.3886535,dischage
517.5489239,1.3885695,dischage
518.0139327,1.3885658,dischage
518.4789379,1.3884358,dischage
518.943938,1.3883977,dischage
519.4089395,1.3883481,dischage
519.8739523,1.3883175,dischage
520.3389652,1.388096,dischage
520.8039726,1.3881494,dischage
521.2689776,1.3879967,dischage
521.733988,1.3880388,dischage
522.1990027,1.3879203,dischage
522.6640115,1.3878745,dischage
523.1290184,1.3877256,dischage
523.5940291,1.3877064,dischage
524.0590297,1.3875804,dischage
524.5240369,1.3876454,dischage
524.9890374,1.3875575,dischage
525.454042,1.3874698,dischage
525.919046,1.3873665,dischage
526.3840491,1.387252,dischage
526.8490486,1.3872062,dischage
527.3140536,1.3871374,dischage
527.7790461,1.3871145,dischage
528.2440416,1.3870381,dischage
528.7090317,1.3870497,dischage
529.1740199,1.3868892,dischage
529.6390095,1.3868433,dischage
530.1040019,1.3867518,dischage
530.5689943,1.3867213,dischage
531.0339834,1.3866639,dischage
531.4989632,1.3865303,dischage
531.9639462,1.3865036,dischage
532.4289362,1.3865494,dischage
532.8939252,1.3862935,dischage
533.358914,1.3863584,dischage
533.8239106,1.3862324,dischage
534.2889028,1.3861445,dischage
534.7538977,1.3860567,dischage
535.2189014,1.3860719,dischage
535.6839091,1.3858047,dischage
536.1489225,1.3858887,dischage
536.6139352,1.3858657,dischage
537.0789467,1.3858466,dischage
537.5439657,1.385778,dischage
538.0089808,1.385587,dischage
538.4739848,1.3855144,dischage
538.9389792,1.3856137,dischage
539.4039843,1.3853121,dischage
539.8689883,1.3853693,dischage
540.3339998,1.3852395,dischage
540.7990125,1.3851823,dischage
541.2640302,1.3851745,dischage
541.7290577,1.3850791,dischage
542.1940813,1.3850638,dischage
542.6591047,1.3849951,dischage
543.1241263,1.3849301,dischage
543.5891453,1.3848156,dischage
544.054156,1.3847277,dischage
544.5191714,1.3845941,dischage
544.9841878,1.3845558,dischage
545.4491965,1.384617,dischage
545.9142102,1.3844604,dischage
546.3792307,1.3845139,dischage
546.844253,1.3843421,dischage
547.3092622,1.3842351,dischage
547.7742711,1.3841473,dischage
548.2392726,1.3840899,dischage
548.7042773,1.3840518,dischage
549.1692796,1.3839716,dischage
549.6342875,1.383899,dischage
550.099297,1.3838991,dischage
550.564306,1.3837882,dischage
551.0293148,1.3837119,dischage
551.4943321,1.383647,dischage
551.9593577,1.3836776,dischage
552.4243857,1.383563,dischage
552.8894132,1.3834751,dischage
553.3544431,1.3833835,dischage
553.819469,1.3832231,dischage
554.2844827,1.3832918,dischage
554.7494853,1.383162,dischage
555.2144887,1.3831277,dischage
555.6794876,1.3830246,dischage
556.1444957,1.3830168,dischage
556.6095019,1.3828298,dischage
557.074515,1.3828717,dischage
557.5395307,1.3827839,dischage
558.004548,1.3826426,dischage
558.4695642,1.3825969,dischage
558.93458,1.3826159,dischage
559.3995937,1.3825281,dischage
559.8646069,1.3824478,dischage
560.3296206,1.3823066,dischage
560.7946408,1.3822608,dischage
561.259659,1.3822073,dischage
561.7246714,1.3821118,dischage
562.1896871,1.3820965,dischage
562.6546942,1.3820622,dischage
563.1197039,1.3820163,dischage
563.5847136,1.381875,dischage
564.0497253,1.3817719,dischage
564.5147333,1.381791,dischage
564.9797315,1.3816459,dischage
565.4447266,1.3815848,dischage
565.9097104,1.3814435,dischage
566.374701,1.3814893,dischage
566.8397006,1.3814054,dischage
567.3046919,1.3812946,dischage
567.7696891,1.3812335,dischage
568.2346884,1.3811761,dischage
568.6996946,1.3811265,dischage
569.1646985,1.3810425,dischage
569.6296982,1.3809509,dischage
570.0947005,1.3809355,dischage
570.5597027,1.3808631,dischage
571.0247035,1.380779,dischage
571.4897023,1.3807369,dischage
571.9546941,1.3805842,dischage
572.4196922,1.3806301,dischage
572.8846931,1.3804888,dischage
573.349693,1.3804735,dischage
573.8146863,1.3803551,dischage
574.2796846,1.3802787,dischage
574.7446885,1.380168,dischage
575.2096965,1.3800992,dischage
575.6747136,1.3800458,dischage
576.1397308,1.3799962,dischage
576.6047452,1.3798931,dischage
577.0697616,1.3798892,dischage
577.5347814,1.3797442,dischage
577.9997911,1.3797288,dischage
578.4648076,1.3796678,dischage
578.9298263,1.3796754,dischage
579.3948436,1.3794348,dischage
579.8598705,1.3793966,dischage
580.3248897,1.3793775,dischage
580.7898978,1.3792973,dischage
581.2549025,1.3791522,dischage
581.7199079,1.379095,dischage
582.1849068,1.3790948,dischage
582.6499038,1.3789994,dischage
583.1149075,1.3788811,dischage
583.5799071,1.3788276,dischage
584.044905,1.3787512,dischage
584.50991,1.3787742,dischage
584.9749147,1.3786672,dischage
585.4399155,1.3785832,dischage
585.9049184,1.3784075,dischage
586.3699256,1.3784533,dischage
586.8349254,1.378419,dischage
587.2999213,1.3783196,dischage
587.7649189,1.3781517,dischage
588.2299057,1.378144,dischage
588.6949026,1.3781745,dischage
589.159897,1.3780867,dischage
589.624892,1.3778957,dischage
590.0898907,1.3779111,dischage
590.5548965,1.3778576,dischage
591.0199002,1.3777888,dischage
591.4848944,1.3776782,dischage
591.9498775,1.377617,dischage
592.4148594,1.3774604,dischage
592.8798509,1.3774719,dischage
593.344853,1.3773879,dischage
593.8098589,1.3772733,dischage
594.2748621,1.377281,dischage
594.7398698,1.3772045,dischage
595.2048869,1.3771778,dischage
595.669903,1.3770556,dischage
596.1349173,1.3769792,dischage
596.5999376,1.3768189,dischage
597.0649543,1.3768189,dischage
597.5299828,1.3767997,dischage
597.9950117,1.3766317,dischage
598.4600367,1.376521,dischage
598.9250605,1.3765248,dischage
599.3900884,1.3764369,dischage
599.8551179,1.3762881,dischage
600.3201327,1.3763759,dischage
600.7851288,1.3762842,dischage
601.2501247,1.3762269,dischage
601.7151221,1.3761659,dischage
602.1801239,1.3760971,dischage
602.6451368,1.3760246,dischage
603.1101414,1.3759291,dischage
603.575131,1.3757534,dischage
604.0401204,1.3757343,dischage
604.5051155,1.3756808,dischage
604.9701156,1.3755586,dischage
605.435116,1.3755357,dischage
605.9001149,1.3753983,dischage
606.3651166,1.3754326,dischage
606.8301166,1.375299,dischage
607.2951122,1.3752952,dischage
607.760102,1.375173,dischage
608.2250917,1.3751614,dischage
608.6900814,1.3750278,dischage
609.1550731,1.3749706,dischage
609.6200709,1.3748903,dischage
610.085059,1.3748406,dischage
610.5500581,1.3747032,dischage
611.0150558,1.3747262,dischage
611.4800527,1.3745008,dischage
611.945058,1.3745695,dischage
612.4100683,1.3745238,dischage
612.8750722,1.3744512,dischage
613.3400775,1.3742678,dischage
613.8050821,1.3742716,dischage
614.2700825,1.3742067,dischage
614.735076,1.3741571,dischage
615.2000679,1.3741494,dischage
615.6650638,1.3739738,dischage
616.1300648,1.3739662,dischage
616.5950664,1.3738134,dischage
617.0600755,1.373886,dischage
617.5250905,1.3736912,dischage
617.9901058,1.3736033,dischage
618.4551154,1.3735385,dischage
618.9201227,1.3734238,dischage
619.3851395,1.3734735,dischage
619.8501531,1.3732902,dischage
620.3151616,1.3732826,dischage
620.7801608,1.3731833,dischage
621.2451575,1.3731031,dischage
621.7101511,1.3730115,dischage
622.1751512,1.373,dischage
622.6401552,1.3729999,dischage
623.1051583,1.3728281,dischage
623.5701561,1.3727288,dischage
624.0351522,1.372767,dischage
624.5001572,1.3726945,dischage
624.9651607,1.3725685,dischage
625.4301611,1.372538,dischage
625.8951713,1.3724425,dischage
626.3601764,1.3723127,dischage
626.8251709,1.3722935,dischage
627.2901637,1.3722324,dischage
627.755165,1.3721217,dischage
628.2201662,1.3720567,dischage
628.6851712,1.3720032,dischage
629.150178,1.3719078,dischage
629.6151846,1.3717855,dischage
630.0801811,1.3718238,dischage
630.5451815,1.3717169,dischage
631.0101881,1.3715488,dischage
631.4752014,1.3715451,dischage
631.9402137,1.3714304,dischage
632.4052228,1.3714648,dischage
632.8702359,1.3712929,dischage
633.3352502,1.3712204,dischage
633.8002669,1.3712051,dischage
634.2652917,1.3711212,dischage
634.7303227,1.3709912,dischage
635.1953487,1.3709455,dischage
635.6603681,1.3708614,dischage
636.1253853,1.3708385,dischage
636.5904093,1.370743,dischage
637.0554313,1.3706706,dischage
637.5204529,1.370575,dischage
637.9854732,1.3704872,dischage
638.4504912,1.3704872,dischage
638.9155098,1.3703955,dischage
639.380528,1.3703306,dischage
639.8455405,1.3702122,dischage
640.3105585,1.3700862,dischage
640.7755817,1.3701206,dischage
641.2406109,1.3699754,dischage
641.7056294,1.369899,dischage
642.1706496,1.3699411,dischage
642.6356632,1.3697768,dischage
643.1006678,1.3697044,dischage
643.5656714,1.3697387,dischage
644.0306695,1.3694943,dischage
644.4956674,1.3694713,dischage
644.9606646,1.3694752,dischage
645.4256668,1.3693568,dischage
645.8906679,1.3694065,dischage
646.3556668,1.3691124,dischage
646.8206632,1.3690323,dischage
647.2856584,1.3690399,dischage
647.7506636,1.3690016,dischage
648.2156759,1.368929,dischage
648.680684,1.3688375,dischage
649.1457003,1.3687267,dischage
649.6107261,1.3687572,dischage
650.075751,1.3686007,dischage
650.540779,1.3685853,dischage
651.0058129,1.3686235,dischage
651.4708417,1.3684326,dischage
651.9358745,1.3683982,dischage
652.4009026,1.3683372,dischage
652.8659308,1.3682494,dischage
653.3309517,1.3681271,dischage
653.7959736,1.3680049,dischage
654.2609915,1.3680469,dischage
654.7260174,1.3679018,dischage
655.1910328,1.3677185,dischage
655.6560485,1.3677567,dischage
656.1210691,1.3676727,dischage
656.5860874,1.3676918,dischage
657.0510938,1.3675581,dischage
657.5161014,1.367455,dischage
657.981117,1.3673519,dischage
658.4461338,1.3673481,dischage
658.911157,1.367329,dischage
659.376175,1.3672717,dischage
659.8411914,1.36718,dischage
660.3062044,1.3670235,dischage
660.7712278,1.3669777,dischage
661.2362556,1.3668784,dischage
661.7012871,1.3668708,dischage
662.166317,1.3667753,dischage
662.6313534,1.3666836,dischage
663.096384,1.3665231,dischage
663.5614074,1.366527,dischage
664.0264387,1.3664201,dischage
664.4914662,1.3662711,dischage
664.9565005,1.3663285,dischage
665.42153,1.3662406,dischage
665.8865592,1.3661718,dischage
666.3515864,1.3661108,dischage
666.8166123,1.3660268,dischage
667.2816451,1.3659885,dischage
667.7466785,1.3659503,dischage
668.2117061,1.365767,dischage
668.6767377,1.3655264,dischage
669.1417656,1.3656105,dischage
669.6067953,1.3655952,dischage
670.071821,1.365454,dischage
670.5368488,1.3654463,dischage
671.0018779,1.3653547,dischage
671.4668993,1.3653775,dischage
671.9319187,1.3651943,dischage
672.3969453,1.3651789,dischage
672.8619723,1.3651178,dischage
673.3269985,1.3649727,dischage
673.7920245,1.3648887,dischage
674.257062,1.364862,dischage
674.7220998,1.3647703,dischage
675.1871293,1.3647016,dischage
675.6521447,1.3646023,dischage
676.1171633,1.3645412,dischage
676.5821832,1.3644954,dischage
677.0471981,1.3644037,dischage
677.5122134,1.3643464,dischage
677.9772271,1.3643273,dischage
678.4422366,1.3642815,dischage
678.9072441,1.3641593,dischage
679.3722618,1.3641173,dischage
679.8372872,1.3639417,dischage
680.3023055,1.3638996,dischage
680.7673171,1.3638844,dischage
681.2323267,1.3636705,dischage
681.6973458,1.3636628,dischage
682.1623653,1.3635216,dischage
682.6273904,1.3636056,dischage
683.0924217,1.3634223,dischage
683.5574422,1.3633802,dischage
684.0224607,1.3633001,dischage
684.4874828,1.3632467,dischage
684.9524931,1.3631855,dischage
685.417498,1.3631206,dischage
685.8825019,1.3629831,dischage
686.3475075,1.3629678,dischage
686.8125194,1.3627731,dischage
687.2775341,1.3627158,dischage
687.7425399,1.3627883,dischage
688.2075483,1.3626509,dischage
688.6725583,1.3626432,dischage
689.1375714,1.3626165,dischage
689.6025845,1.3624675,dischage
690.067586,1.3623606,dischage
690.53259,1.3622193,dischage
690.9975945,1.3620627,dischage
691.4625967,1.3620703,dischage
691.9275972,1.3620627,dischage
692.3925938,1.3620322,dischage
692.8575865,1.3619597,dischage
693.3225857,1.3618337,dischage
693.7875862,1.3617382,dischage
694.2525837,1.3617687,dischage
694.7175839,1.3616121,dischage
695.1825875,1.3615587,dischage
695.6475925,1.3615282,dischage
696.1125923,1.3614174,dischage
696.5775926,1.3612952,dischage
697.042588,1.3612684,dischage
697.5075732,1.3611615,dischage
697.9725735,1.3611348,dischage
698.4375732,1.3610928,dischage
698.902577,1.3610545,dischage
699.3675784,1.3609171,dischage
699.8325828,1.3608254,dischage
700.2975921,1.3608332,dischage
700.7625863,1.3607147,dischage
701.2275953,1.3606268,dischage
701.6926132,1.3605925,dischage
702.1576287,1.3605123,dischage
702.6226444,1.360413,dischage
703.0876575,1.3603519,dischage
703.5526686,1.3602984,dischage
704.0176763,1.360245,dischage
704.4826809,1.3601916,dischage
704.9476849,1.3600159,dischage
705.4126991,1.3599395,dischage
705.8777192,1.3599089,dischage
706.3427282,1.3598096,dischage
706.8077372,1.3597791,dischage
707.2727394,1.3596874,dischage
707.7377407,1.3596454,dischage
708.2027427,1.3594507,dischage
708.6677403,1.3595041,dischage
709.1327441,1.3594164,dischage
709.5977538,1.3593017,dischage
710.0627613,1.3592558,dischage
710.5277688,1.3592062,dischage
710.9927849,1.3591337,dischage
711.4578069,1.359023,dischage
711.9228308,1.3589275,dischage
712.3878512,1.3588625,dischage
712.8528609,1.3587098,dischage
713.3178612,1.3586984,dischage
713.7828653,1.3586411,dischage
714.2478769,1.3585838,dischage
714.7128874,1.3585417,dischage
715.1778949,1.3584424,dischage
715.6429026,1.3584691,dischage
716.1079201,1.3582171,dischage
716.5729359,1.358263,dischage
717.0379531,1.358114,dischage
717.5029736,1.3580377,dischage
717.9679977,1.3580223,dischage
718.4330134,1.3579346,dischage
718.8980159,1.3579613,dischage
719.3630193,1.3577627,dischage
719.8280237,1.3577359,dischage
720.2930395,1.3576558,dischage
720.7580548,1.3576022,dischage
721.2230745,1.3574802,dischage
721.688093,1.3574495,dischage
722.1531047,1.3573885,dischage
722.61812,1.3571975,dischage
723.0831298,1.3571402,dischage
723.5481454,1.3570944,dischage
724.0131661,1.3570944,dischage
724.4781735,1.3569646,dischage
724.9431781,1.3568538,dischage
725.4081804,1.3568079,dischage
725.8731731,1.3567545,dischage
726.338167,1.3566972,dischage
726.8031618,1.35664,dischage
727.2681635,1.3565788,dischage
727.7331643,1.3563764,dischage
728.1981759,1.3563918,dischage
728.6631765,1.3563651,dischage
729.1281797,1.3562199,dischage
729.593184,1.3561627,dischage
730.0581973,1.3561282,dischage
730.5232204,1.3560556,dischage
730.9882397,1.3560175,dischage
731.4532647,1.3559144,dischage
731.918284,1.3557464,dischage
732.3833111,1.3556585,dischage
732.8483307,1.3556623,dischage
733.3133425,1.3555363,dischage
733.7783531,1.3555936,dischage
734.2433683,1.3554256,dischage
734.7083912,1.3552766,dischage
735.1734134,1.355269,dischage
735.6384311,1.3552423,dischage
736.1034483,1.3551277,dischage
736.5684662,1.3550972,dischage
737.0334865,1.3549596,dischage
737.4985065,1.3549674,dischage
737.9635251,1.3548374,dischage
738.4285475,1.3547649,dischage
738.8935582,1.3546885,dischage
739.3585745,1.3546045,dischage
739.8235886,1.3545053,dischage
740.2886017,1.3544747,dischage
740.7536194,1.3544135,dischage
741.2186336,1.354318,dischage
741.6836466,1.3540393,dischage
742.1486648,1.3541996,dischage
742.6136729,1.3540698,dischage
743.078673,1.3539935,dischage
743.5436705,1.3539782,dischage
744.0086687,1.3538674,dischage
744.4736691,1.3538293,dischage
744.9386668,1.3537529,dischage
745.4036604,1.3535811,dischage
745.868645,1.353604,dischage
746.3336364,1.353497,dischage
746.7986201,1.3534741,dischage
747.2636032,1.3533558,dischage
747.7285916,1.3532832,dischage
748.193585,1.3532373,dischage
748.6585852,1.3531343,dischage
749.1235935,1.3530922,dischage
749.5886035,1.3529547,dischage
750.0536106,1.3528287,dischage
750.5186177,1.3527409,dischage
750.9836266,1.3528364,dischage
751.4486385,1.3527218,dischage
751.9136396,1.3526646,dischage
752.3786319,1.3525156,dischage
752.8436271,1.3524659,dischage
753.3086229,1.3524697,dischage
753.7736248,1.3523476,dischage
754.2386322,1.3521795,dischage
754.7036432,1.3520917,dischage
755.1686526,1.3521757,dischage
755.6336607,1.3520535,dischage
756.0986637,1.3518969,dischage
756.5636646,1.3518168,dischage
757.0286677,1.3518664,dischage
757.4936795,1.3517022,dischage
757.9586911,1.3516639,dischage
758.4237101,1.3516182,dischage
758.888728,1.3514882,dischage
759.353738,1.3515762,dischage
759.8187511,1.3513165,dischage
760.2837598,1.351263,dischage
760.7487765,1.3511217,dischage
761.2137847,1.3510873,dischage
761.6787964,1.3509995,dischage
762.1438177,1.3510147,dischage
762.6088296,1.3508277,dischage
763.0738449,1.3508239,dischage
763.5388507,1.3507284,dischage
764.0038537,1.3506634,dischage
764.4688534,1.3505374,dischage
764.9338586,1.3505145,dischage
765.3988619,1.3504038,dischage
765.8638731,1.3503617,dischage
766.3288922,1.3503045,dischage
766.7939007,1.3503121,dischage
767.2588995,1.3501326,dischage
767.723904,1.3501594,dischage
768.1889068,1.3499761,dischage
768.6539071,1.3499455,dischage
769.1189159,1.3498272,dischage
769.5839309,1.3497775,dischage
770.0489449,1.3496629,dischage
770.5139587,1.349575,dischage
770.9789781,1.3495865,dischage
771.4439998,1.3494452,dischage
771.9090185,1.3493993,dischage
772.3740328,1.3493574,dischage
772.839035,1.3492581,dischage
773.3040437,1.349178,dischage
773.7690491,1.349113,dischage
774.2340567,1.3490747,dischage
774.6990575,1.3489641,dischage
775.1640583,1.3489563,dischage
775.6290641,1.3488343,dischage
776.0940676,1.3487387,dischage
776.5590819,1.3486624,dischage
777.0241016,1.3485936,dischage
777.4891184,1.3485554,dischage
777.954136,1.348479,dischage
778.4191564,1.3482728,dischage
778.8841754,1.3482614,dischage
779.3491903,1.3481964,dischage
779.8141979,1.3480972,dischage
780.279204,1.3480818,dischage
780.7442021,1.3480017,dischage
781.2092026,1.3479062,dischage
781.6742091,1.3478374,dischage
782.1392192,1.3478069,dischage
782.6042309,1.3476198,dischage
783.0692389,1.3476045,dischage
783.5342448,1.3475626,dischage
783.9992573,1.347509,dischage
784.4642685,1.3474517,dischage
784.9292798,1.347383,dischage
785.3942979,1.3472685,dischage
785.8593127,1.3472532,dischage
786.3243219,1.3470813,dischage
786.7893247,1.347108,dischage
787.2543268,1.3469936,dischage
787.7193298,1.3467987,dischage
788.1843318,1.3468484,dischage
788.649336,1.3467338,dischage
789.1143361,1.3466918,dischage
789.5793374,1.3465619,dischage
790.0443391,1.3464932,dischage
790.5093406,1.3464551,dischage
790.9743388,1.3464092,dischage
791.4393262,1.3463405,dischage
791.9043243,1.3462451,dischage
792.369326,1.3460999,dischage
792.8343286,1.3460541,dischage
793.2993391,1.3460159,dischage
793.7643434,1.3458784,dischage
794.2293509,1.3459319,dischage
794.6943653,1.3457983,dischage
795.1593788,1.34576,dischage
795.6243871,1.3456187,dischage
796.089391,1.3455309,dischage
796.5543931,1.3454545,dischage
797.0193996,1.3454697,dischage
797.4844045,1.3453399,dischage
797.9494044,1.3452293,dischage
798.4144179,1.3451757,dischage
798.8794241,1.3450955,dischage
799.3444273,1.3450267,dischage
799.8094273,1.3449314,dischage
800.2744198,1.3449007,dischage
800.7394146,1.3448435,dischage
801.2044182,1.3447671,dischage
801.6694279,1.3447212,dischage
802.1344385,1.3446029,dischage
802.5994534,1.3445075,dischage
803.0644696,1.3444005,dischage
803.5294785,1.3443508,dischage
803.9944856,1.3442974,dischage
804.4594991,1.3441676,dischage
804.9245094,1.3441179,dischage
805.3895133,1.3440874,dischage
805.8545159,1.3439766,dischage
806.3195269,1.3438735,dischage
806.7845305,1.3437589,dischage
807.249538,1.3437361,dischage
807.7145423,1.3436978,dischage
808.1795466,1.3436253,dischage
808.6445494,1.3435183,dischage
809.1095464,1.3434992,dischage
809.5745476,1.3433884,dischage
810.0395674,1.3433732,dischage
810.5045867,1.3433007,dischage
810.9696066,1.3432319,dischage
811.4346212,1.3431594,dischage
811.8996333,1.3430486,dischage
812.36465,1.3428921,dischage
812.8296793,1.3428882,dischage
813.2947095,1.3428309,dischage
813.7597332,1.3427546,dischage
814.2247552,1.34264,dischage
814.6897748,1.3425331,dischage
815.1547996,1.3424605,dischage
815.6198235,1.342346,dischage
816.0848403,1.3424108,dischage
816.5498631,1.3423231,dischage
817.0148781,1.3422734,dischage
817.4798976,1.3422199,dischage
817.9449291,1.3420213,dischage
818.4099573,1.3419297,dischage
818.8749853,1.3419068,dischage
819.3400117,1.341796,dischage
819.8050341,1.3417732,dischage
820.2700558,1.3416586,dischage
820.7350765,1.341628,dischage
821.2001009,1.3415555,dischage
821.665122,1.3415439,dischage
822.1301341,1.3414676,dischage
822.595151,1.3413836,dischage
823.0601674,1.3413301,dischage
823.5251833,1.3412079,dischage
823.9901925,1.3411468,dischage
824.4552034,1.3409826,dischage
824.9202123,1.3410513,dischage
825.3852112,1.3409903,dischage
825.8502046,1.3407801,dischage
826.3152006,1.3408298,dischage
826.7802005,1.3407687,dischage
827.245205,1.3406771,dischage
827.7102124,1.3405855,dischage
828.1752263,1.3405855,dischage
828.6402358,1.3404098,dischage
829.1052415,1.340299,dischage
829.5702417,1.3402952,dischage
830.0352468,1.3402532,dischage
830.5002546,1.3400278,dischage
830.965262,1.3400011,dischage
831.4302784,1.3399782,dischage
831.8952942,1.3399172,dischage
832.3603084,1.3397834,dischage
832.8253255,1.3397262,dischage
833.2903428,1.339711,dischage
833.7553613,1.3395964,dischage
834.2203703,1.339413,dischage
834.6853758,1.3394666,dischage
835.1503756,1.3394397,dischage
835.615376,1.3393328,dischage
836.0803845,1.3392221,dischage
836.5453943,1.3390808,dischage
837.0104022,1.3390999,dischage
837.4754105,1.3389739,dischage
837.9404138,1.3390425,dischage
838.4054229,1.3388822,dischage
838.8704341,1.3387294,dischage
839.3354456,1.3387103,dischage
839.8004574,1.3386035,dischage
840.2654696,1.3385653,dischage
840.730482,1.3385195,dischage
841.1954859,1.3383706,dischage
841.6604851,1.3383399,dischage
842.1254987,1.3383666,dischage
842.5905177,1.3382215,dischage
843.0555325,1.3381529,dischage
843.5205442,1.3381108,dischage
843.9855563,1.3379734,dischage
844.4505693,1.337939,dischage
844.9155837,1.3378664,dischage
845.3805946,1.33779,dischage
845.8455979,1.3376793,dischage
846.3106015,1.3376678,dischage
846.775607,1.3375609,dischage
847.240613,1.3374578,dischage
847.7056274,1.3374273,dischage
848.1706427,1.3374006,dischage
848.6356521,1.3373127,dischage
849.100657,1.3372477,dischage
849.5656662,1.3371141,dischage
850.030676,1.3371103,dischage
850.4956813,1.3369576,dischage
850.9606772,1.3369919,dischage
851.4256659,1.336885,dischage
851.8906557,1.3367513,dischage
852.3556497,1.3367895,dischage
852.8206531,1.3366444,dischage
853.285652,1.3365947,dischage
853.750652,1.3364878,dischage
854.215665,1.3365909,dischage
854.680672,1.3364267,dischage
855.1456812,1.3363197,dischage
855.6106866,1.3362166,dischage
856.0756915,1.3361709,dischage
856.5406958,1.3361403,dischage
857.005695,1.3361632,dischage
857.4706853,1.3359607,dischage
857.9356841,1.3359188,dischage
858.4006848,1.3359226,dischage
858.8656864,1.3357278,dischage
859.3306867,1.3357049,dischage
859.7956936,1.3356324,dischage
860.2606983,1.3355827,dischage
860.7257069,1.3355292,dischage
861.1907023,1.3354337,dischage
861.6556999,1.3353459,dischage
862.1206991,1.3352467,dischage
862.5857059,1.335216,dischage
863.0507103,1.3351932,dischage
863.5157163,1.3351474,dischage
863.9807115,1.3350252,dischage
864.4456997,1.3349411,dischage
864.9106917,1.3349411,dischage
865.3756855,1.3348647,dischage
865.8406789,1.3347464,dischage
866.3056603,1.3347427,dischage
866.7706478,1.3346318,dischage
867.2356454,1.3345668,dischage
867.7006344,1.3345211,dischage
868.1656315,1.3344218,dischage
868.6306336,1.3342193,dischage
869.0956351,1.3342385,dischage
869.5606311,1.3342614,dischage
870.0256296,1.3340743,dischage
870.4906417,1.3340704,dischage
870.9556445,1.3340514,dischage
871.4206276,1.3339673,dischage
871.885616,1.3339711,dischage
872.3506174,1.3338604,dischage
872.8156348,1.3337229,dischage
873.2806559,1.3336923,dischage
873.7456656,1.3336008,dischage
874.2106714,1.333593,dischage
874.67567,1.3334403,dischage
875.1406672,1.3334708,dischage
875.6056677,1.3333411,dischage
876.0706691,1.3332647,dischage
876.535673,1.3331387,dischage
877.0006793,1.3331578,dischage
877.4656843,1.3331119,dischage
877.9306861,1.3330547,dischage
878.3956896,1.3329935,dischage
878.8606957,1.3328484,dischage
879.3256965,1.3327987,dischage
879.7906954,1.3327568,dischage
880.2556997,1.3326384,dischage
880.7206975,1.3326842,dischage
881.1856937,1.3324779,dischage
881.6506912,1.3324819,dischage
882.1156875,1.3323939,dischage
882.5806837,1.3323061,dischage
883.0456747,1.3323176,dischage
883.5106697,1.3321725,dischage
883.9756676,1.3321381,dischage
884.4406775,1.3320503,dischage
884.9056938,1.3319854,dischage
885.3707037,1.3319396,dischage
885.8357175,1.3318899,dischage
886.300725,1.3318861,dischage
886.7657296,1.3317829,dischage
887.2307432,1.3317027,dischage
887.6957513,1.3316455,dischage
888.1607567,1.3315881,dischage
888.6257649,1.3315462,dischage
889.0907753,1.3314431,dischage
889.5557843,1.331359,dischage
890.020795,1.331298,dischage
890.4858117,1.3313667,dischage
890.9508359,1.3313171,dischage
891.4158662,1.3311375,dischage
891.8808869,1.3310344,dischage
892.3459108,1.330916,dischage
892.8109296,1.3309467,dischage
893.2759434,1.3309122,dischage
893.740957,1.3308167,dischage
894.2059689,1.3307176,dischage
894.6709795,1.3307098,dischage
895.1359935,1.3307251,dischage
895.6010129,1.3306373,dischage
896.0660292,1.3304693,dischage
896.531039,1.3304387,dischage
896.9960442,1.3304157,dischage
897.461056,1.3303585,dischage
897.9260693,1.3302822,dischage
898.3910812,1.3302249,dischage
898.8560989,1.3301944,dischage
899.321115,1.3301561,dischage
899.7861275,1.3300415,dischage
900.2511429,1.32982,dischage
900.7161587,1.3299117,dischage
901.1811786,1.329885,dischage
901.6461974,1.3298429,dischage
902.1112215,1.3297971,dischage
902.5762529,1.3296635,dischage
903.0412723,1.3296367,dischage
903.5062808,1.329568,dischage
903.9712889,1.3295108,dischage
904.4362949,1.3294535,dischage
904.9013029,1.3293313,dischage
905.3663075,1.3293313,dischage
905.8313204,1.3292587,dischage
906.2963387,1.3292357,dischage
906.7613512,1.3291365,dischage
907.2263566,1.3291212,dischage
907.6913647,1.3291098,dischage
908.1563723,1.3290334,dischage
908.6213699,1.3289838,dischage
909.086377,1.3289303,dischage
909.5513854,1.3288883,dischage
910.016396,1.3288195,dischage
910.4814089,1.3288157,dischage
910.9464223,1.3286552,dischage
911.4114259,1.3286552,dischage
911.8764217,1.3285599,dischage
912.3414228,1.3284796,dischage
912.8064218,1.3284643,dischage
913.2714196,1.3284415,dischage
913.7364175,1.3283575,dischage
914.2014127,1.3283918,dischage
914.6664049,1.3283116,dischage
915.1313989,1.3281779,dischage
915.5963964,1.3281435,dischage
916.0614001,1.328132,dischage
916.5264002,1.3280176,dischage
916.9913917,1.3279984,dischage
917.4563907,1.3279488,dischage
917.921391,1.327945,dischage
918.3863945,1.3278571,dischage
918.8513935,1.327819,dischage
919.316405,1.3276509,dischage
919.7814208,1.32767,dischage
920.2464339,1.3276776,dischage
920.7114531,1.3275516,dischage
921.1764702,1.3276051,dischage
921.6414768,1.3275363,dischage
922.1064794,1.3274256,dischage
922.5714876,1.3274485,dischage
923.0364976,1.3273454,dischage
923.5015124,1.3273149,dischage
923.9665228,1.3272117,dischage
924.4315288,1.3271736,dischage
924.8965326,1.3271965,dischage
925.3615356,1.3270628,dischage
925.82654,1.3270169,dischage
926.2915498,1.3269712,dischage
926.7565664,1.3268795,dischage
927.2215827,1.3268986,dischage
927.6866002,1.3268375,dischage
928.1516175,1.326849,dischage
928.6166283,1.3267611,dischage
929.0816418,1.3266656,dischage
929.5466482,1.3266847,dischage
930.0116583,1.3265396,dischage
930.4766791,1.3265625,dischage
930.9417002,1.3265282,dischage
931.4067245,1.3264823,dischage
931.8717472,1.3264939,dischage
932.3367649,1.3262647,dischage
932.8017782,1.3263296,dischage
933.2667858,1.32628,dischage
933.7318001,1.3262722,dischage
934.1968032,1.3262533,dischage
934.661817,1.3261769,dischage
935.126832,1.3261081,dischage
935.5918433,1.3260776,dischage
936.0568555,1.3261195,dischage
936.5218702,1.3261539,dischage
936.9868831,1.3259897,dischage
937.4518971,1.3259515,dischage
937.9169068,1.3258064,dischage
938.3819214,1.3258255,dischage
938.846945,1.3257835,dischage
939.3119688,1.3257453,dischage
939.7769839,1.3257339,dischage
940.2420027,1.3256499,dischage
940.7070318,1.3256537,dischage
941.1720576,1.325562,dischage
941.6370827,1.3255583,dischage
942.1021073,1.32552,dischage
942.5671306,1.325562,dischage
943.0321528,1.3254627,dischage
943.4971713,1.325375,dischage
943.962192,1.3253062,dischage
944.4272162,1.3252984,dischage
944.8922395,1.3251839,dischage
945.3572672,1.325245,dischage
945.8222925,1.3250923,dischage
946.2873064,1.3251572,dischage
946.7523211,1.3251686,dischage
947.2173312,1.3250464,dischage
947.6823308,1.3250083,dischage
948.1473359,1.3250237,dischage
948.6123462,1.3249816,dischage
949.0773514,1.3248861,dischage
949.5423527,1.3249013,dischage
950.007349,1.3248785,dischage
950.4723522,1.3248365,dischage
950.9373594,1.3247944,dischage
951.4023708,1.3246568,dischage
951.8673846,1.3246875,dischage
952.3323912,1.3247219,dischage
952.7974032,1.3246074,dischage
953.2624121,1.3246378,dischage
953.7274142,1.3245615,dischage
954.1924118,1.324508,dischage
954.6574054,1.3244468,dischage
955.1224096,1.324401,dischage
955.5874038,1.3244239,dischage
956.0524037,1.3243438,dischage
956.5173933,1.32434,dischage
956.9823772,1.3243132,dischage
957.4473672,1.3242942,dischage
957.9123473,1.3242407,dischage
958.3773268,1.3241681,dischage
958.8423165,1.3241795,dischage
959.3073082,1.3241185,dischage
959.7723035,1.324088,dischage
960.2373086,1.3240993,dischage
960.7023109,1.3240116,dischage
961.1673135,1.3240154,dischage
961.6323129,1.3239849,dischage
962.0973109,1.3239046,dischage
962.5623052,1.3239123,dischage
963.0272958,1.3239313,dischage
963.4922846,1.3238436,dischage
963.9572721,1.3237518,dischage
964.4222573,1.3237405,dischage
964.887248,1.3237404,dischage
965.3522454,1.3236603,dischage
965.8172311,1.3237786,dischage
966.2822247,1.3236334,dischage
966.7472221,1.3236601,dischage
967.2122255,1.3236144,dischage
967.6772251,1.3235991,dischage
968.1422191,1.3236793,dischage
968.6072204,1.323496,dischage
969.0722289,1.3234273,dischage
969.5372378,1.3234463,dischage
970.0022457,1.323454,dischage
970.4672555,1.32337,dischage
970.9322672,1.3232745,dischage
971.3972808,1.32337,dischage
971.8622971,1.3233128,dischage
972.327309,1.3233012,dischage
972.7923168,1.3233318,dischage
973.2573179,1.3232859,dischage
973.7223362,1.3231866,dischage
974.1873527,1.3231218,dischage
974.6523664,1.3232402,dischage
975.1173782,1.3231714,dischage
975.5823885,1.3231714,dischage
976.0474013,1.3230454,dischage
976.5124115,1.3230873,dischage
976.977411,1.3231256,dischage
977.4424207,1.3230492,dischage
977.9074321,1.322927,dischage
978.3724411,1.3229843,dischage
978.8374414,1.3229728,dischage
979.3024421,1.3230149,dischage
979.7674443,1.3228964,dischage
980.2324427,1.3228086,dischage
980.6974391,1.3228773,dischage
981.1624298,1.3227819,dischage
981.6274206,1.3227819,dischage
982.0924136,1.3228391,dischage
982.5574117,1.3227476,dischage
983.0224139,1.3228048,dischage
983.4874159,1.3227017,dischage
983.9524157,1.322717,dischage
984.4174155,1.322675,dischage
984.8824201,1.3227284,dischage
985.3474175,1.3226444,dischage
985.8124128,1.3227131,dischage
986.2774161,1.3226177,dischage
986.7424128,1.3226253,dischage
987.2074038,1.3225641,dischage
987.6723937,1.3225603,dischage
988.1373882,1.3225719,dischage
988.6023827,1.3223809,dischage
989.0673852,1.3225451,dischage
989.532385,1.3224611,dischage
989.9973823,1.3224649,dischage
990.4623837,1.3223771,dischage
990.9273877,1.3223579,dischage
991.3923876,1.3223695,dischage
991.8573874,1.3223236,dischage
992.322385,1.3223275,dischage
992.7873825,1.3223503,dischage
993.2523794,1.3223542,dischage
993.7173794,1.3222892,dischage
994.1823776,1.3222549,dischage
994.6473802,1.3222281,dischage
995.1123904,1.3221442,dischage
995.5773967,1.3221785,dischage
996.0424177,1.3222319,dischage
996.5074336,1.3221211,dischage
996.9724475,1.3221632,dischage
997.4374565,1.3222014,dischage
997.9024599,1.3220258,dischage
998.3674613,1.322083,dischage
998.8324705,1.3221022,dischage
999.297478,1.3220563,dischage
999.7624773,1.3221211,dischage
1000.227477,1.3220487,dischage
1000.692486,1.3220944,dischage
1001.157497,1.3220181,dischage
1001.622509,1.3219914,dischage
1002.087524,1.3220448,dischage
1002.552531,1.3219646,dischage
1003.017538,1.3219608,dischage
1003.482543,1.3219341,dischage
1003.947547,1.3219074,dischage
1004.412554,1.3219684,dischage
1004.877559,1.3218729,dischage
1005.342556,1.3218691,dischage
1005.807541,1.3218731,dischage
1006.272528,1.3218577,dischage
1006.737518,1.3218348,dischage
1007.202519,1.3216972,dischage
1007.66753,1.3218386,dischage
1008.132544,1.3217393,dischage
1008.597556,1.3218119,dischage
1009.062568,1.3216935,dischage
1009.527575,1.321705,dischage
1009.992581,1.3216286,dischage
1010.457579,1.3217431,dischage
1010.922578,1.3217088,dischage
1011.38757,1.3216782,dischage
1011.85256,1.3216171,dischage
1012.317546,1.3216591,dischage
1012.782545,1.3217431,dischage
1013.247544,1.3216133,dischage
1013.71254,1.3217241,dischage
1014.177525,1.321575,dischage
1014.642508,1.3216476,dischage
1015.107497,1.3215941,dischage
1015.572493,1.3216095,dischage
1016.037494,1.3215445,dischage
1016.502501,1.3215828,dischage
1016.967508,1.3216171,dischage
1017.432514,1.3215942,dischage
1017.897518,1.3214185,dischage
1018.362512,1.3215293,dischage
1018.827502,1.3214835,dischage
1019.292497,1.3215636,dischage
1019.757488,1.3213727,dischage
1020.222485,1.3216705,dischage
1020.687488,1.3214988,dischage
1021.15249,1.3215026,dischage
1021.617497,1.3213688,dischage
1022.082499,1.3214759,dischage
1022.547506,1.3213918,dischage
1023.012506,1.3213995,dischage
1023.4775,1.321388,dischage
1023.942501,1.3213918,dischage
1024.407507,1.3213574,dischage
1024.872513,1.3214033,dischage
1025.337517,1.321304,dischage
1025.802521,1.3213497,dischage
1026.267526,1.3213842,dischage
1026.73254,1.3212773,dischage
1027.19755,1.3211627,dischage
1027.662553,1.3212467,dischage
1028.127552,1.3212237,dischage
1028.592545,1.3212695,dischage
1029.057535,1.3213001,dischage
1029.522529,1.3212696,dischage
1029.987527,1.3212696,dischage
1030.45252,1.3212237,dischage
1030.91751,1.3212161,dischage
1031.382499,1.3212277,dischage
1031.847494,1.3211818,dischage
1032.312492,1.3212352,dischage
1032.777493,1.3211589,dischage
1033.24249,1.3211359,dischage
1033.707492,1.3212352,dischage
1034.172488,1.321178,dischage
1034.637478,1.3211206,dischage
1035.102482,1.3211818,dischage
1035.567496,1.3211741,dischage
1036.032506,1.3210977,dischage
1036.497517,1.320926,dischage
1036.962518,1.3210022,dischage
1037.427521,1.3210481,dischage
1037.892525,1.3210901,dischage
1038.357524,1.3209679,dischage
1038.822524,1.3210176,dischage
1039.28753,1.3210291,dischage
1039.752528,1.3209717,dischage
1040.217526,1.3210289,dischage
1040.682531,1.3209144,dischage
1041.147538,1.3209488,dischage
1041.612554,1.3209412,dischage
1042.077569,1.320861,dischage
1042.542575,1.3209106,dischage
1043.007591,1.3209145,dischage
1043.472609,1.3209296,dischage
1043.937639,1.3209374,dischage
1044.402659,1.3208456,dischage
1044.867682,1.3208495,dischage
1045.3327,1.3208915,dischage
1045.797717,1.3208915,dischage
1046.262731,1.320861,dischage
1046.727747,1.3208036,dischage
1047.192757,1.3208189,dischage
1047.657767,1.3208419,dischage
1048.122776,1.3207083,dischage
1048.587779,1.3208189,dischage
1049.052781,1.3206471,dischage
1049.517782,1.3207884,dischage
1049.982784,1.3207884,dischage
1050.447776,1.3207197,dischage
1050.91276,1.3207464,dischage
1051.377744,1.3205861,dischage
1051.842732,1.3206662,dischage
1052.307724,1.3207808,dischage
1052.772717,1.3206891,dischage
1053.237716,1.3206891,dischage
1053.702721,1.3206279,dischage
1054.167729,1.3206127,dischage
1054.632734,1.3205631,dischage
1055.097732,1.3205287,dischage
1055.562739,1.3206128,dischage
1056.027747,1.3205746,dischage
1056.492754,1.32046,dischage
1056.957771,1.32046,dischage
1057.422785,1.3205364,dischage
1057.887802,1.3205173,dischage
1058.352809,1.3205364,dischage
1058.817818,1.3205287,dischage
1059.282837,1.3204409,dischage
1059.747848,1.3204371,dischage
1060.21285,1.3204104,dischage
1060.677851,1.3203645,dischage
1061.142859,1.3204066,dischage
1061.607858,1.3203416,dischage
1062.072851,1.3204409,dischage
1062.537836,1.3203568,dischage
1063.002819,1.3204142,dischage
1063.467804,1.320353,dischage
1063.932789,1.3203263,dischage
1064.397787,1.320269,dischage
1064.862783,1.3203799,dischage
1065.32778,1.3203187,dischage
1065.792777,1.3203416,dischage
1066.257778,1.3201507,dischage
1066.722802,1.3203149,dischage
1067.187825,1.3201697,dischage
1067.65283,1.3202499,dischage
1068.117829,1.3202003,dischage
1068.582842,1.3201622,dischage
1069.047856,1.3201584,dischage
1069.512859,1.3202041,dischage
1069.977867,1.3202156,dischage
1070.442872,1.320227,dischage
1070.907879,1.3200437,dischage
1071.372887,1.3200781,dischage
1071.837901,1.3200591,dischage
1072.302913,1.3200322,dischage
1072.767927,1.3200742,dischage
1073.232938,1.3199903,dischage
1073.697942,1.320101,dischage
1074.162944,1.3198719,dischage
1074.627942,1.320101,dischage
1075.092936,1.3199674,dischage
1075.557945,1.3199521,dischage
1076.022952,1.3198338,dischage
1076.487963,1.3198757,dischage
1076.952976,1.319784,dischage
1077.417986,1.3198261,dischage
1077.882998,1.3199558,dischage
1078.34801,1.3198643,dischage
1078.813024,1.3197573,dischage
1079.278042,1.319723,dischage
1079.743057,1.319765,dischage
1080.208065,1.3197306,dischage
1080.673076,1.3198299,dischage
1081.138094,1.3197078,dischage
1081.603115,1.3197076,dischage
1082.06813,1.3196886,dischage
1082.533151,1.3197267,dischage
1082.998173,1.3196695,dischage
1083.463198,1.3196083,dischage
1083.928225,1.319658,dischage
1084.393256,1.3196046,dischage
1084.858285,1.3195893,dischage
1085.3233,1.3195206,dischage
1085.78831,1.3195435,dischage
1086.253314,1.3196083,dischage
1086.718313,1.3195128,dischage
1087.183312,1.3193908,dischage
1087.648321,1.3194021,dischage
1088.113336,1.3195091,dischage
1088.578347,1.3193792,dischage
1089.043357,1.3194556,dischage
1089.508368,1.3194098,dischage
1089.973369,1.3194175,dischage
1090.43837,1.3192723,dischage
1090.90338,1.3192915,dischage
1091.368389,1.319173,dischage
1091.833404,1.3192799,dischage
1092.298418,1.3192112,dischage
1092.763436,1.3191692,dischage
1093.228456,1.3191463,dischage
1093.693476,1.3191501,dischage
1094.158495,1.3191692,dischage
1094.623505,1.3190891,dischage
1095.088513,1.3190776,dischage
1095.553532,1.318982,dischage
1096.018547,1.3190279,dischage
1096.483561,1.3190355,dischage
1096.948567,1.3190852,dischage
1097.413569,1.3189898,dischage
1097.878573,1.3190622,dischage
1098.343572,1.3189631,dischage
1098.808564,1.3188981,dischage
1099.273562,1.3189248,dischage
1099.738561,1.3188409,dischage
1100.203565,1.3188179,dischage
1100.668565,1.3187873,dischage
1101.133561,1.318753,dischage
1101.598552,1.3188064,dischage
1102.063543,1.3186842,dischage
1102.528538,1.3186575,dischage
1102.993527,1.3186651,dischage
1103.458523,1.3186651,dischage
1103.923527,1.3186307,dischage
1104.388539,1.3184972,dischage
1104.853543,1.318543,dischage
1105.318559,1.3185391,dischage
1105.783574,1.3185506,dischage
1106.248585,1.3185009,dischage
1106.71359,1.3184284,dischage
1107.178602,1.318436,dischage
1107.64361,1.318352,dischage
1108.10861,1.3183253,dischage
1108.573609,1.3183367,dischage
1109.038612,1.3183596,dischage
1109.503622,1.3182641,dischage
1109.968636,1.3181725,dischage
1110.433649,1.3182908,dischage
1110.89866,1.3181458,dischage
1111.363666,1.318161,dischage
1111.828679,1.3181,dischage
1112.293685,1.3181419,dischage
1112.758702,1.3180236,dischage
1113.223714,1.3181763,dischage
1113.688723,1.3180656,dischage
1114.153731,1.3179815,dischage
1114.618738,1.3178517,dischage
1115.083744,1.3178784,dischage
1115.548754,1.3178402,dischage
1116.013768,1.3179052,dischage
1116.478772,1.317909,dischage
1116.943771,1.3177792,dischage
1117.408767,1.3177906,dischage
1117.873771,1.3176951,dischage
1118.338769,1.3177754,dischage
1118.80377,1.3176837,dischage
1119.268773,1.3176035,dischage
1119.733779,1.3175882,dischage
1120.198786,1.3175386,dischage
1120.663787,1.317657,dischage
1121.128782,1.3174431,dischage
1121.593782,1.3173743,dischage
1122.058784,1.3173094,dischage
1122.523782,1.3173094,dischage
1122.988775,1.3173782,dischage
1123.453768,1.3172445,dischage
1123.918764,1.3172407,dischage
1124.383758,1.3172216,dischage
1124.848754,1.3171262,dischage
1125.313756,1.3170917,dischage
1125.778759,1.3171414,dischage
1126.24377,1.3170917,dischage
1126.708775,1.3170154,dischage
1127.173778,1.3169886,dischage
1127.638787,1.3169466,dischage
1128.103787,1.3168435,dischage
1128.568796,1.316897,dischage
1129.033809,1.3168435,dischage
1129.49882,1.316771,dischage
1129.963834,1.3168168,dischage
1130.428847,1.3167213,dischage
1130.893868,1.3166068,dischage
1131.358886,1.3166029,dischage
1131.823903,1.3166182,dischage
1132.288921,1.3165647,dischage
1132.753933,1.3165762,dischage
1133.218937,1.3164655,dischage
1133.683941,1.3164808,dischage
1134.148949,1.3164541,dischage
1134.613963,1.3163624,dischage
1135.078976,1.3162593,dischage
1135.543987,1.316286,dischage
1136.008993,1.3162172,dischage
1136.473991,1.3162019,dischage
1136.938995,1.316179,dischage
1137.404004,1.3160301,dischage
1137.869011,1.3160187,dischage
1138.334021,1.3160149,dischage
1138.799026,1.3159232,dischage
1139.264036,1.3159308,dischage
1139.729044,1.3158965,dischage
1140.194067,1.3156865,dischage
1140.659092,1.3158009,dischage
1141.124124,1.3157475,dischage
1141.58915,1.3156902,dischage
1142.054174,1.3156712,dischage
1142.519194,1.3156215,dischage
1142.984208,1.3157475,dischage
1143.449211,1.3155489,dischage
1143.914217,1.3154343,dischage
1144.379218,1.3154459,dischage
1144.844209,1.3153274,dischage
1145.309205,1.3153198,dischage
1145.774204,1.3153083,dischage
1146.239212,1.3152128,dischage
1146.704216,1.3152359,dischage
1147.169214,1.3150907,dischage
1147.634213,1.3150028,dischage
1148.099199,1.3150104,dischage
1148.564189,1.3150334,dischage
1149.02918,1.3148959,dischage
1149.494182,1.3148501,dischage
1149.959188,1.3148501,dischage
1150.424193,1.3148042,dischage
1150.889201,1.3146858,dischage
1151.354211,1.3146783,dischage
1151.819219,1.314682,dischage
1152.284222,1.3145331,dischage
1152.749224,1.314514,dischage
1153.214224,1.3145064,dischage
1153.679222,1.3143765,dischage
1154.144224,1.3144186,dischage
1154.609233,1.3143421,dischage
1155.074239,1.3142773,dischage
1155.539246,1.31422,dischage
1156.004255,1.3141092,dischage
1156.469265,1.3140939,dischage
1156.934281,1.3140786,dischage
1157.399296,1.3140405,dischage
1157.864311,1.3139527,dischage
1158.329321,1.3139527,dischage
1158.794333,1.3138763,dischage
1159.25935,1.313754,dischage
1159.724361,1.3137236,dischage
1160.189376,1.3136243,dischage
1160.654393,1.3136051,dischage
1161.119404,1.3135555,dischage
1161.584414,1.3134638,dischage
1162.049425,1.3135593,dischage
1162.514429,1.3134141,dischage
1162.979434,1.3133035,dischage
1163.444441,1.3131927,dischage
1163.909441,1.3131813,dischage
1164.374437,1.3130552,dischage
1164.83944,1.3130857,dischage
1165.304445,1.3129979,dischage
1165.769454,1.3129827,dischage
1166.234465,1.3128757,dischage
1166.699483,1.3128566,dischage
1167.164497,1.3128337,dischage
1167.629508,1.3127191,dischage
1168.094515,1.3126733,dischage
1168.559514,1.3125588,dischage
1169.024512,1.3125588,dischage
1169.489519,1.3124785,dischage
1169.954521,1.3124938,dischage
1170.419522,1.3122724,dischage
1170.884529,1.3122953,dischage
1171.349537,1.3122494,dischage
1171.814539,1.3121349,dischage
1172.279539,1.3121272,dischage
1172.744534,1.3120165,dischage
1173.209535,1.3119057,dischage
1173.674537,1.3118638,dischage
1174.139534,1.3118905,dischage
1174.604534,1.3117492,dischage
1175.069522,1.3117262,dischage
1175.534513,1.3116536,dischage
1175.999504,1.3115391,dischage
1176.464501,1.3114322,dischage
1176.9295,1.3114513,dischage
1177.394498,1.3114475,dischage
1177.859501,1.3112909,dischage
1178.324503,1.3112642,dischage
1178.789509,1.3111228,dischage
1179.254513,1.3111153,dischage
1179.719517,1.3110389,dischage
1180.184519,1.3109243,dischage
1180.64952,1.310928,dischage
1181.114525,1.3108212,dischage
1181.579533,1.3107983,dischage
1182.044541,1.3107371,dischage
1182.509545,1.310676,dischage
1182.974549,1.310573,dischage
1183.439548,1.3104966,dischage
1183.904544,1.3104279,dischage
1184.369541,1.3103973,dischage
1184.834544,1.310424,dischage
1185.299553,1.3101987,dischage
1185.764562,1.3101032,dischage
1186.229575,1.3101376,dischage
1186.694575,1.3100154,dischage
1187.159572,1.3100153,dischage
1187.624569,1.3098702,dischage
1188.089566,1.3098245,dischage
1188.55456,1.3097595,dischage
1189.019556,1.3096449,dischage
1189.484549,1.3095953,dischage
1189.949537,1.3095113,dischage
1190.414524,1.3094234,dischage
1190.879511,1.3092784,dischage
1191.3445,1.3092593,dischage
1191.809489,1.3091217,dischage
1192.27448,1.3090683,dischage
1192.739483,1.3089919,dischage
1193.204483,1.3089309,dischage
1193.669492,1.3089576,dischage
1194.134497,1.3087628,dischage
1194.5995,1.3086597,dischage
1195.064501,1.3085375,dischage
1195.529506,1.3085604,dischage
1195.9945,1.3085108,dischage
1196.459498,1.3084191,dischage
1196.924498,1.3083848,dischage
1197.389513,1.30819,dischage
1197.854527,1.3082321,dischage
1198.319531,1.3080372,dischage
1198.784538,1.3079569,dischage
1199.249549,1.3077813,dischage
1199.71456,1.3078501,dischage
1200.179573,1.3077737,dischage
1200.644576,1.3076515,dischage
1201.10957,1.3076324,dischage
1201.574567,1.3075103,dischage
1202.039582,1.3074415,dischage
1202.504594,1.3072658,dischage
1202.969595,1.3073155,dischage
1203.434598,1.3071971,dischage
1203.899602,1.3071588,dischage
1204.364607,1.3070519,dischage
1204.82962,1.3070061,dischage
1205.294628,1.3068457,dischage
1205.75964,1.3067999,dischage
1206.224652,1.3067082,dischage
1206.689663,1.3065212,dischage
1207.154668,1.3064638,dischage
1207.619672,1.3064524,dischage
1208.084679,1.3063531,dischage
1208.549688,1.3062805,dischage
1209.014703,1.3061926,dischage
1209.479722,1.3059865,dischage
1209.944747,1.3060399,dischage
1210.409775,1.3059177,dischage
1210.874801,1.3057535,dischage
1211.339813,1.3057268,dischage
1211.804827,1.3056656,dischage
1212.269834,1.3055931,dischage
1212.734841,1.3054022,dischage
1213.19985,1.3052685,dischage
1213.664862,1.3052189,dischage
1214.129868,1.3051845,dischage
1214.594884,1.3051273,dischage
1215.059902,1.3050203,dischage
1215.524916,1.304921,dischage
1215.989926,1.3048713,dischage
1216.45494,1.3045964,dischage
1216.919951,1.3046805,dischage
1217.384953,1.3045545,dischage
1217.84995,1.3044552,dischage
1218.314949,1.3044474,dischage
1218.779948,1.3042107,dischage
1219.244949,1.3041725,dischage
1219.709945,1.3040847,dischage
1220.17494,1.3040084,dischage
1220.639939,1.30389,dischage
1221.104932,1.3038594,dischage
1221.569934,1.3036836,dischage
1222.034943,1.3036035,dischage
1222.499957,1.3035195,dischage
1222.964974,1.3033668,dischage
1223.42999,1.3032559,dischage
1223.894995,1.3031682,dischage
1224.359988,1.3031414,dischage
1224.824995,1.3030192,dischage
1225.290007,1.3029391,dischage
1225.755024,1.3027786,dischage
1226.220026,1.3027328,dischage
1226.68503,1.3026373,dischage
1227.150037,1.3025419,dischage
1227.615054,1.302412,dischage
1228.080076,1.302263,dischage
1228.545101,1.3021982,dischage
1229.010124,1.3020645,dischage
1229.475144,1.3019576,dischage
1229.940165,1.3019308,dischage
1230.405195,1.30182,dischage
1230.870229,1.3016254,dischage
1231.335261,1.3015987,dischage
1231.800293,1.3014497,dischage
1232.265322,1.3013275,dischage
1232.73035,1.301255,dischage
1233.195382,1.3011709,dischage
1233.66041,1.3009838,dischage
1234.125431,1.3009723,dischage
1234.590449,1.3009036,dischage
1235.055466,1.300728,dischage
1235.520483,1.3005675,dischage
1235.985494,1.3005637,dischage
1236.450503,1.300495,dischage
1236.915515,1.3003765,dischage
1237.380529,1.3002543,dischage
1237.845541,1.3001016,dischage
1238.31055,1.3000978,dischage
1238.775564,1.2998954,dischage
1239.240577,1.2997961,dischage
1239.705594,1.2996663,dischage
1240.17061,1.2995861,dischage
1240.635632,1.2995631,dischage
1241.100647,1.299399,dischage
1241.565662,1.2992576,dischage
1242.030672,1.2991852,dischage
1242.49568,1.2988949,dischage
1242.960684,1.2989826,dischage
1243.425691,1.298784,dischage
1243.890697,1.2986963,dischage
1244.355717,1.2986504,dischage
1244.82074,1.2985396,dischage
1245.28575,1.2983717,dischage
1245.750748,1.298303,dischage
1246.215746,1.2981616,dischage
1246.680746,1.2979897,dischage
1247.145755,1.2979478,dischage
1247.610767,1.2977644,dischage
1248.075765,1.2976652,dischage
1248.540752,1.2976537,dischage
1249.005743,1.2974398,dischage
1249.470744,1.2973253,dischage
1249.935747,1.2972527,dischage
1250.400747,1.2970923,dischage
1250.86575,1.2970273,dischage
1251.33075,1.2968327,dischage
1251.795748,1.2967601,dischage
1252.260745,1.2965691,dischage
1252.725738,1.2965882,dischage
1253.19073,1.2964317,dischage
1253.655716,1.2962408,dischage
1254.120706,1.2961338,dischage
1254.585705,1.2960727,dischage
1255.050701,1.2959237,dischage
1255.515697,1.2958856,dischage
1255.980694,1.2956641,dischage
1256.445684,1.2955954,dischage
1256.910676,1.2955571,dischage
1257.375671,1.2952708,dischage
1257.840668,1.2951906,dischage
1258.305659,1.2950798,dischage
1258.770647,1.2949691,dischage
1259.235632,1.2948163,dischage
1259.700624,1.2946674,dischage
1260.165614,1.2945337,dischage
1260.630612,1.2945452,dischage
1261.095608,1.2942855,dischage
1261.560614,1.2941937,dischage
1262.025629,1.2942129,dischage
1262.490639,1.2938424,dischage
1262.955646,1.2938768,dischage
1263.420668,1.2937089,dischage
1263.885685,1.2935408,dischage
1264.350698,1.293411,dischage
1264.815703,1.2933422,dischage
1265.2807,1.293388,dischage
1265.745708,1.2930062,dischage
1266.21071,1.2929031,dischage
1266.675706,1.2927579,dischage
1267.14071,1.2926816,dischage
1267.605708,1.2925708,dischage
1268.070697,1.2923913,dischage
1268.535679,1.2922539,dischage
1269.000672,1.2921431,dischage
1269.465664,1.2919521,dischage
1269.930665,1.2918414,dischage
1270.395667,1.2917459,dischage
1270.860659,1.2915244,dischage
1271.325656,1.2914748,dischage
1271.790651,1.2913679,dischage
1272.255644,1.2911845,dischage
1272.720642,1.2910204,dischage
1273.185636,1.2908407,dischage
1273.65063,1.2907454,dischage
1274.115622,1.2906575,dischage
1274.580606,1.2904322,dischage
1275.045593,1.2903024,dischage
1275.510582,1.2902566,dischage
1275.975579,1.2901305,dischage
1276.440573,1.2899625,dischage
1276.905567,1.2897067,dischage
1277.37056,1.2896608,dischage
1277.835561,1.2895043,dischage
1278.300562,1.2893591,dischage
1278.765569,1.2891682,dischage
1279.230579,1.2890078,dischage
1279.695595,1.2888588,dischage
1280.160615,1.2887825,dischage
1280.625631,1.2886487,dischage
1281.090649,1.2885189,dischage
1281.555656,1.2884007,dischage
1282.020663,1.2882249,dischage
1282.485671,1.2882097,dischage
1282.950672,1.2879729,dischage
1283.415674,1.2878659,dischage
1283.880684,1.2876636,dischage
1284.345701,1.2874879,dischage
1284.810708,1.2873542,dischage
1285.275709,1.2872282,dischage
1285.740718,1.2869112,dischage
1286.205725,1.2869647,dischage
1286.670732,1.2867547,dischage
1287.135742,1.28664,dischage
1287.600744,1.2864645,dischage
1288.065756,1.286243,dischage
1288.530766,1.2861894,dischage
1288.995774,1.286052,dischage
1289.460775,1.2858496,dischage
1289.925777,1.2857007,dischage
1290.390774,1.2855707,dischage
1290.855767,1.2853646,dischage
1291.320763,1.2852463,dischage
1291.785754,1.28504,dischage
1292.250749,1.2849445,dischage
1292.715735,1.2848338,dischage
1293.180728,1.2846047,dischage
1293.645715,1.2845702,dischage
1294.110708,1.2843564,dischage
1294.575693,1.2841387,dischage
1295.04068,1.284047,dischage
1295.505668,1.2838064,dischage
1295.970652,1.2837301,dischage
1296.43564,1.2836843,dischage
1296.900637,1.2834818,dischage
1297.365626,1.2832719,dischage
1297.830622,1.2831,dischage
1298.295625,1.2828747,dischage
1298.76063,1.2828212,dischage
1299.225637,1.282573,dischage
1299.690637,1.2825004,dischage
1300.155643,1.2822903,dischage
1300.620649,1.2821338,dischage
1301.085649,1.2819849,dischage
1301.550646,1.2817558,dischage
1302.015641,1.2816106,dischage
1302.48063,1.2814846,dischage
1302.945619,1.2812593,dischage
1303.410605,1.2811524,dischage
1303.875581,1.281034,dischage
1304.340558,1.2807896,dischage
1304.805542,1.2807018,dischage
1305.27053,1.2805222,dischage
1305.73551,1.280255,dischage
1306.200487,1.2800487,dischage
1306.665465,1.2799609,dischage
1307.130441,1.2797967,dischage
1307.595416,1.2796439,dischage
1308.060391,1.2795293,dischage
1308.525372,1.2792621,dischage
1308.990351,1.2790787,dischage
1309.455327,1.2789871,dischage
1309.920301,1.2787886,dischage
1310.385278,1.2786243,dischage
1310.850253,1.2784028,dischage
1311.315231,1.2782959,dischage
1311.780217,1.2781584,dischage
1312.245197,1.277872,dischage
1312.710176,1.2777689,dischage
1313.17516,1.2776619,dischage
1313.640146,1.2774557,dischage
1314.105132,1.2772189,dischage
1314.570121,1.2770051,dischage
1315.035119,1.2768943,dischage
1315.500127,1.2766995,dischage
1315.965137,1.2765009,dischage
1316.430145,1.2763215,dischage
1316.895152,1.2761496,dischage
1317.360164,1.2759548,dischage
1317.825176,1.2758403,dischage
1318.29018,1.2756799,dischage
1318.755188,1.2753935,dischage
1319.220197,1.2753172,dischage
1319.685203,1.2750651,dischage
1320.150215,1.2749124,dischage
1320.615226,1.2747673,dischage
1321.080232,1.2745419,dischage
1321.545238,1.2743663,dischage
1322.010246,1.2742211,dischage
1322.475255,1.2739385,dischage
1322.940262,1.2738011,dischage
1323.405265,1.2735949,dischage
1323.870272,1.2733886,dischage
1324.33528,1.2732741,dischage
1324.800299,1.2730449,dischage
1325.265321,1.2728921,dischage
1325.730343,1.2726249,dischage
1326.195362,1.2725446,dischage
1326.660382,1.2723498,dischage
1327.125404,1.272094,dischage
1327.590421,1.2719604,dischage
1328.055432,1.2717503,dischage
1328.520432,1.2715212,dischage
1328.985438,1.2714143,dischage
1329.450455,1.2711852,dischage
1329.915474,1.2710094,dischage
1330.380497,1.2708185,dischage
1330.845524,1.2707001,dischage
1331.310545,1.2704251,dischage
1331.775572,1.2702037,dischage
1332.240586,1.2700013,dischage
1332.705597,1.2698523,dischage
1333.170602,1.2696652,dischage
1333.635607,1.2693902,dischage
1334.100606,1.2692642,dischage
1334.565603,1.2690465,dischage
1335.0306,1.2688824,dischage
1335.495589,1.2686608,dischage
1335.960582,1.2685004,dischage
1336.42558,1.268298,dischage
1336.890589,1.2680689,dischage
1337.355604,1.2679467,dischage
1337.82062,1.2676526,dischage
1338.285631,1.2675266,dischage
1338.750647,1.2672975,dischage
1339.215666,1.2671067,dischage
1339.680682,1.2668545,dischage
1340.145698,1.2666866,dischage
1340.610717,1.266488,dischage
1341.075746,1.2663161,dischage
1341.540778,1.2661136,dischage
1342.005808,1.2658807,dischage
1342.470829,1.2657547,dischage
1342.935854,1.2654873,dischage
1343.400877,1.2653346,dischage
1343.8659,1.265094,dischage
1344.330922,1.264861,dischage
1344.795947,1.2646816,dischage
1345.260968,1.2644715,dischage
1345.725986,1.2642424,dischage
1346.191007,1.2640438,dischage
1346.656027,1.2637535,dischage
1347.121054,1.2636199,dischage
1347.586086,1.263429,dischage
1348.051114,1.2631502,dischage
1348.516143,1.2629516,dischage
1348.98117,1.2628218,dischage
1349.446197,1.2625927,dischage
1349.911223,1.2624438,dischage
1350.37625,1.2621306,dischage
1350.841271,1.2619396,dischage
1351.30628,1.261741,dischage
1351.771291,1.2613591,dischage
1352.236301,1.2613324,dischage
1352.701307,1.2610461,dischage
1353.166313,1.2608474,dischage
1353.631322,1.2606145,dischage
1354.09633,1.2603624,dischage
1354.56134,1.2601677,dischage
1355.026351,1.2599691,dischage
1355.491362,1.259801,dischage
1355.956377,1.2595719,dischage
1356.421395,1.2592665,dischage
1356.886394,1.2591137,dischage
1357.351397,1.2588348,dischage
1357.816402,1.2586172,dischage
1358.281399,1.2584454,dischage
1358.746399,1.2582392,dischage
1359.211406,1.2579336,dischage
1359.676415,1.2578419,dischage
1360.14143,1.2576205,dischage
1360.606456,1.2573723,dischage
1361.071474,1.2571317,dischage
1361.536492,1.2569026,dischage
1362.001505,1.2566276,dischage
1362.466519,1.2563984,dischage
1362.931536,1.2561426,dischage
1363.396552,1.2560357,dischage
1363.861563,1.2556806,dischage
1364.326572,1.2555277,dischage
1364.791582,1.2553636,dischage
1365.256591,1.2551421,dischage
1365.721602,1.254783,dischage
1366.18661,1.2545501,dischage
1366.651615,1.2543172,dischage
1367.116616,1.2541759,dischage
1367.581619,1.2538399,dischage
1368.046614,1.2535992,dischage
1368.511611,1.2534312,dischage
1368.976606,1.2532555,dischage
1369.441608,1.2529844,dischage
1369.906608,1.2527705,dischage
1370.371601,1.2525338,dischage
1370.836596,1.2522168,dischage
1371.301587,1.2520792,dischage
1371.766573,1.2518196,dischage
1372.231559,1.251579,dischage
1372.696536,1.2513919,dischage
1373.161508,1.2510139,dischage
1373.626484,1.2508993,dischage
1374.091465,1.2506511,dischage
1374.556451,1.2504371,dischage
1375.021437,1.2501012,dischage
1375.486425,1.2499177,dischage
1375.95142,1.2496581,dischage
1376.416413,1.249429,dischage
1376.881407,1.249135,dischage
1377.346407,1.2487607,dischage
1377.811407,1.2486538,dischage
1378.276396,1.248459,dischage
1378.741389,1.2481955,dischage
1379.206375,1.2478976,dischage
1379.671366,1.2476609,dischage
1380.136356,1.2473515,dischage
1380.601342,1.2471377,dischage
1381.066333,1.2469621,dischage
1381.531327,1.2467061,dischage
1381.996319,1.2463855,dischage
1382.461309,1.2462288,dischage
1382.926293,1.2458889,dischage
1383.391281,1.2456255,dischage
1383.856274,1.2454077,dischage
1384.321272,1.2451557,dischage
1384.786278,1.2449075,dischage
1385.251282,1.2445753,dischage
1385.716284,1.2443728,dischage
1386.181293,1.2440597,dischage
1386.646298,1.2438649,dischage
1387.111305,1.2436548,dischage
1387.576303,1.2433074,dischage
1388.041302,1.2430515,dischage
1388.506298,1.2427651,dischage
1388.971288,1.2425627,dischage
1389.436285,1.2422458,dischage
1389.901282,1.2420013,dischage
1390.366285,1.2417072,dischage
1390.831286,1.2414056,dischage
1391.296281,1.2410046,dischage
1391.761272,1.2408824,dischage
1392.226266,1.2406456,dischage
1392.691261,1.2403668,dischage
1393.156263,1.2400957,dischage
1393.621265,1.2399276,dischage
1394.086259,1.2394044,dischage
1394.55125,1.2393358,dischage
1395.016235,1.2390913,dischage
1395.481217,1.2388775,dischage
1395.946206,1.2385796,dischage
1396.411198,1.238297,dischage
1396.876208,1.2380946,dischage
1397.341215,1.2377661,dischage
1397.806218,1.2374722,dischage
1398.271212,1.2371819,dischage
1398.736201,1.2370597,dischage
1399.201199,1.2366892,dischage
1399.666205,1.2364181,dischage
1400.131221,1.2361279,dischage
1400.596239,1.2359446,dischage
1401.06125,1.2354902,dischage
1401.526259,1.2353755,dischage
1401.991269,1.2350357,dischage
1402.456281,1.2347989,dischage
1402.921292,1.2346003,dischage
1403.386301,1.234207,dischage
1403.851313,1.234058,dischage
1404.316335,1.2337258,dischage
1404.781352,1.2334585,dischage
1405.246373,1.2331682,dischage
1405.711393,1.2328819,dischage
1406.17641,1.2327597,dischage
1406.641424,1.2323854,dischage
1407.106442,1.2320876,dischage
1407.571454,1.2319081,dischage
1408.036471,1.2314994,dischage
1408.501486,1.2313925,dischage
1408.966506,1.2309648,dischage
1409.431523,1.2308006,dischage
1409.896539,1.2304149,dischage
1410.361558,1.2302392,dischage
1410.826583,1.2299566,dischage
1411.291608,1.2296625,dischage
1411.756628,1.2293456,dischage
1412.221639,1.2290783,dischage
1412.686648,1.2288071,dischage
1413.151659,1.2285322,dischage
1413.616677,1.2282573,dischage
1414.081694,1.2280128,dischage
1414.546705,1.2277035,dischage
1415.011717,1.2274934,dischage
1415.476721,1.2271574,dischage
1415.941724,1.2268175,dischage
1416.406727,1.2266113,dischage
1416.871721,1.2263669,dischage
1417.336716,1.2261033,dischage
1417.80171,1.2258055,dischage
1418.266702,1.2254503,dischage
1418.731703,1.2252135,dischage
1419.196709,1.2249959,dischage
1419.661716,1.2247667,dischage
1420.126717,1.224404,dischage
1420.591715,1.2241215,dischage
1421.056709,1.2237967,dischage
1421.521708,1.2234912,dischage
1421.986709,1.2232544,dischage
1422.451708,1.2229337,dischage
1422.916714,1.2226664,dischage
1423.381721,1.2223761,dischage
1423.846725,1.2220706,dischage
1424.31174,1.221788,dischage
1424.776752,1.2215054,dischage
1425.24176,1.2212267,dischage
1425.706771,1.2209707,dischage
1426.171777,1.2205431,dischage
1426.636785,1.2203598,dischage
1427.101784,1.2201269,dischage
1427.566779,1.2197258,dischage
1428.031773,1.2194127,dischage
1428.496769,1.219111,dischage
1428.961768,1.2188017,dischage
1429.426775,1.2186337,dischage
1429.891787,1.2183357,dischage
1430.356797,1.2179652,dischage
1430.821804,1.2177439,dischage
1431.286805,1.2174269,dischage
1431.751794,1.2171366,dischage
1432.216789,1.2169839,dischage
1432.681789,1.2165906,dischage
1433.14679,1.2162659,dischage
1433.611781,1.2159146,dischage
1434.076779,1.2156281,dischage
1434.541773,1.2153723,dischage
1435.006762,1.2150515,dischage
1435.471754,1.2148033,dischage
1435.936744,1.2143909,dischage
1436.401736,1.2140663,dischage
1436.866725,1.2137799,dischage
1437.331704,1.2135049,dischage
1437.796684,1.2132185,dischage
1438.261661,1.2128938,dischage
1438.726649,1.2125616,dischage
1439.191644,1.2122943,dischage
1439.656643,1.2120155,dischage
1440.121642,1.2117254,dischage
1440.586641,1.2114389,dischage
1441.051643,1.2111257,dischage
1441.516652,1.2107592,dischage
1441.981664,1.2104995,dischage
1442.446675,1.2101405,dischage
1442.911684,1.2099075,dischage
1443.376695,1.2095333,dischage
1443.84171,1.209285,dischage
1444.306729,1.2089528,dischage
1444.771753,1.2085136,dischage
1445.236767,1.2082578,dischage
1445.70178,1.2079867,dischage
1446.166792,1.2076926,dischage
1446.631807,1.2073833,dischage
1447.096817,1.2070701,dischage
1447.561822,1.2066883,dischage
1448.026822,1.2065088,dischage
1448.491822,1.2061192,dischage
1448.95682,1.2057526,dischage
1449.421821,1.205428,dischage
1449.886818,1.2051263,dischage
1450.351809,1.2048628,dischage
1450.816795,1.2045077,dischage
1451.281786,1.2043587,dischage
1451.74678,1.2039959,dischage
1452.211776,1.2035835,dischage
1452.676768,1.2032627,dischage
1453.14176,1.2029343,dischage
1453.606743,1.2027128,dischage
1454.071725,1.2023691,dischage
1454.536713,1.202014,dischage
1455.001706,1.2016512,dischage
1455.466694,1.2014602,dischage
1455.93169,1.2010401,dischage
1456.396684,1.2008148,dischage
1456.861678,1.2005093,dischage
1457.326663,1.2001045,dischage
1457.791642,1.1997799,dischage
1458.256623,1.1994209,dischage
1458.721593,1.1991497,dischage
1459.186566,1.1987832,dischage
1459.651544,1.1984853,dischage
1460.116531,1.198176,dischage
1460.581513,1.1978209,dischage
1461.046492,1.1975,dischage
1461.511471,1.1971716,dischage
1461.976455,1.1968279,dischage
1462.441446,1.1965033,dischage
1462.906432,1.196171,dischage
1463.37142,1.1958618,dischage
1463.836405,1.1955295,dischage
1464.301387,1.195182,dischage
1464.766376,1.1948459,dischage
1465.231366,1.1946473,dischage
1465.696366,1.1941929,dischage
1466.161358,1.1938492,dischage
1466.626362,1.1935284,dischage
1467.091366,1.193074,dischage
1467.556378,1.1928601,dischage
1468.021383,1.1925431,dischage
1468.48639,1.1921231,dischage
1468.951405,1.191829,dischage
1469.416416,1.19147,dischage
1469.881428,1.1911759,dischage
1470.346425,1.1908132,dischage
1470.811425,1.1904695,dischage
1471.276419,1.1900532,dischage
1471.741412,1.1898012,dischage
1472.2064,1.1894116,dischage
1472.671396,1.1891177,dischage
1473.136394,1.1887854,dischage
1473.601384,1.1884416,dischage
1474.066383,1.1882201,dischage
1474.531384,1.1877199,dischage
1474.996388,1.1874259,dischage
1475.461403,1.1869905,dischage
1475.926416,1.1867194,dischage
1476.391424,1.1864291,dischage
1476.85643,1.1859632,dischage
1477.321429,1.185608,dischage
1477.786437,1.1852758,dischage
1478.251448,1.1849742,dischage
1478.716458,1.1846533,dischage
1479.181466,1.1842486,dischage
1479.646471,1.1839201,dischage
1480.111477,1.1833588,dischage
1480.576478,1.1832442,dischage
1481.041488,1.1828585,dischage
1481.506506,1.1824957,dischage
1481.971523,1.1821558,dischage
1482.436551,1.1817396,dischage
1482.901569,1.1813806,dischage
1483.366584,1.1810368,dischage
1483.831595,1.1806931,dischage
1484.296612,1.1804144,dischage
1484.761619,1.1800172,dischage
1485.226623,1.1796697,dischage
1485.691631,1.1793069,dischage
1486.156642,1.1790013,dischage
1486.621648,1.178589,dischage
1487.086655,1.1782186,dischage
1487.551667,1.1777718,dischage
1488.01669,1.177512,dischage
1488.481712,1.177176,dischage
1488.946736,1.1768476,dischage
1489.411757,1.1763932,dischage
1489.876779,1.1759654,dischage
1490.341796,1.1755377,dischage
1490.806799,1.1752743,dischage
1491.271805,1.1748542,dischage
1491.73681,1.174476,dischage
1492.201817,1.1741095,dischage
1492.666828,1.1737467,dischage
1493.131838,1.1733342,dischage
1493.596841,1.1730325,dischage
1494.061846,1.1727079,dischage
1494.526853,1.1722955,dischage
1494.991853,1.1718831,dischage
1495.456858,1.1714821,dischage
1495.921877,1.1710925,dischage
1496.386898,1.1709093,dischage
1496.851918,1.1703554,dischage
1497.316942,1.1700386,dischage
1497.781971,1.1695001,dischage
1498.246993,1.1692251,dischage
1498.712006,1.1688164,dischage
1499.177011,1.1685225,dischage
1499.642008,1.1680641,dischage
1500.107004,1.167709,dischage
1500.572002,1.1673577,dischage
1501.037003,1.166949,dischage
1501.502006,1.1663991,dischage
1501.967008,1.1661357,dischage
1502.432005,1.1657232,dischage
1502.897002,1.1653528,dischage
1503.362002,1.1650053,dischage
1503.827001,1.1646653,dischage
1504.292008,1.1641957,dischage
1504.757014,1.1638405,dischage
1505.222026,1.1634892,dischage
1505.687033,1.1630424,dischage
1506.152044,1.1626185,dischage
1506.617055,1.1622022,dischage
1507.08206,1.1618623,dischage
1507.547065,1.1614118,dischage
1508.012066,1.1611482,dischage
1508.477072,1.1606671,dischage
1508.942084,1.1602889,dischage
1509.407097,1.1598459,dischage
1509.872108,1.1594985,dischage
1510.337131,1.1591128,dischage
1510.802152,1.1587194,dischage
1511.267158,1.158349,dischage
1511.732169,1.1578449,dischage
1512.197178,1.1574591,dischage
1512.662173,1.157104,dischage
1513.127167,1.1566648,dischage
1513.592162,1.1562639,dischage
1514.057153,1.1558475,dischage
1514.522136,1.1553092,dischage
1514.987123,1.1550227,dischage
1515.452116,1.1545874,dischage
1515.917112,1.1541865,dischage
1516.382113,1.153881,dischage
1516.847106,1.1534493,dischage
1517.312099,1.1530217,dischage
1517.777086,1.152594,dischage
1518.242078,1.1521586,dischage
1518.707071,1.1516469,dischage
1519.17206,1.151265,dischage
1519.637053,1.150841,dischage
1520.102047,1.1503638,dischage
1520.567042,1.1499512,dischage
1521.032037,1.1496878,dischage
1521.497036,1.1492906,dischage
1521.962032,1.148882,dischage
1522.427028,1.1483893,dischage
1522.89203,1.1478777,dischage
1523.357035,1.1475874,dischage
1523.822038,1.1470833,dischage
1524.287036,1.1466212,dischage
1524.752044,1.1462623,dischage
1525.217046,1.1457658,dischage
1525.68205,1.1453725,dischage
1526.14706,1.1449333,dischage
1526.612075,1.1446813,dischage
1527.077087,1.1440932,dischage
1527.542088,1.1436348,dischage
1528.007079,1.1431384,dischage
1528.472064,1.1427375,dischage
1528.937056,1.1423861,dischage
1529.402042,1.1418743,dischage
1529.867031,1.1415116,dischage
1530.332013,1.1410762,dischage
1530.796997,1.1406256,dischage
1531.261984,1.1401368,dischage
1531.726981,1.1396977,dischage
1532.191983,1.1392394,dischage
1532.656973,1.1387582,dischage
1533.121963,1.1383343,dischage
1533.586957,1.1379372,dischage
1534.051941,1.1374712,dischage
1534.516923,1.1370512,dischage
1534.981917,1.1365203,dischage
1535.446911,1.1360927,dischage
1535.911905,1.1355731,dischage
1536.376896,1.1351608,dischage
1536.841895,1.1346452,dischage
1537.306899,1.1342672,dischage
1537.771902,1.1337631,dischage
1538.236905,1.1333277,dischage
1538.701905,1.1327702,dischage
1539.166909,1.1323196,dischage
1539.63191,1.1318728,dischage
1540.096912,1.1314069,dischage
1540.561916,1.1309563,dischage
1541.026917,1.1305437,dischage
1541.491922,1.1300092,dischage
1541.956926,1.1293409,dischage
1542.421935,1.1291116,dischage
1542.886942,1.1285236,dischage
1543.351944,1.1281227,dischage
1543.816945,1.1275688,dischage
1544.281952,1.1271068,dischage
1544.746949,1.1266103,dischage
1545.211943,1.1262132,dischage
1545.67694,1.1257205,dischage
1546.141938,1.1252546,dischage
1546.606933,1.1247238,dischage
1547.071929,1.1242312,dischage
1547.536917,1.1237118,dischage
1548.001906,1.1231924,dischage
1548.466902,1.1226922,dischage
1548.931894,1.1221881,dischage
1549.396887,1.1217375,dischage
1549.861884,1.121241,dischage
1550.326882,1.1207408,dischage
1550.791882,1.1201718,dischage
1551.256891,1.1198394,dischage
1551.721896,1.1192552,dischage
1552.186903,1.1187129,dischage
1552.651909,1.1182928,dischage
1553.116916,1.1176704,dischage
1553.58192,1.1172427,dischage
1554.046924,1.1166775,dischage
1554.511932,1.1161925,dischage
1554.97694,1.1156081,dischage
1555.441949,1.1151881,dischage
1555.906955,1.1145771,dischage
1556.371961,1.1140883,dischage
1556.836966,1.1135956,dischage
1557.301962,1.1130649,dischage
1557.766964,1.1124996,dischage
1558.231966,1.1120375,dischage
1558.696972,1.111541,dischage
1559.161978,1.1109644,dischage
1559.626997,1.1103954,dischage
1560.092018,1.109857,dischage
1560.557033,1.1094102,dischage
1561.022041,1.1088984,dischage
1561.487043,1.1083332,dischage
1561.952044,1.1077986,dischage
1562.417051,1.1072907,dischage
1562.882068,1.1067483,dischage
1563.347083,1.1061908,dischage
1563.812098,1.1056409,dischage
1564.277104,1.1051177,dischage
1564.742114,1.1046289,dischage
1565.20712,1.1040332,dischage
1565.672129,1.1034948,dischage
1566.137138,1.1029716,dischage
1566.60214,1.1023835,dischage
1567.067145,1.1018908,dischage
1567.532157,1.1013026,dischage
1567.997167,1.1008062,dischage
1568.462172,1.100222,dischage
1568.927171,1.0995804,dischage
1569.392168,1.099061,dischage
1569.857168,1.0985721,dischage
1570.322162,1.0979764,dischage
1570.787158,1.0973388,dischage
1571.252169,1.0967544,dischage
1571.717178,1.0962121,dischage
1572.182187,1.0957768,dischage
1572.647196,1.0950933,dischage
1573.112188,1.0945319,dischage
1573.577192,1.0939591,dischage
1574.042205,1.0933747,dischage
1574.507215,1.0927981,dischage
1574.972221,1.092168,dischage
1575.437236,1.0916104,dischage
1575.902245,1.09103,dischage
1576.367246,1.0904456,dischage
1576.832256,1.0898843,dischage
1577.297273,1.0892541,dischage
1577.762287,1.0886813,dischage
1578.227285,1.0880321,dischage
1578.69228,1.087486,dischage
1579.157275,1.0870392,dischage
1579.622271,1.0863479,dischage
1580.087265,1.0857446,dischage
1580.552255,1.0852101,dischage
1581.017251,1.0846829,dischage
1581.482238,1.083946,dischage
1581.947224,1.0833082,dischage
1582.412221,1.0827507,dischage
1582.877225,1.0821587,dischage
1583.342221,1.0814866,dischage
1583.807219,1.0809023,dischage
1584.272219,1.080276,dischage
1584.737227,1.0796115,dischage
1585.202242,1.0789967,dischage
1585.667257,1.0783398,dischage
1586.132268,1.0777708,dischage
1586.597264,1.0770719,dischage
1587.06226,1.0765105,dischage
1587.52727,1.0758957,dischage
1587.992276,1.0751395,dischage
1588.457284,1.0745324,dischage
1588.922291,1.0738565,dischage
1589.387302,1.0732837,dischage
1589.852317,1.0726116,dischage
1590.317328,1.0720119,dischage
1590.78234,1.0712596,dischage
1591.247354,1.0704424,dischage
1591.712369,1.0700605,dischage
1592.177395,1.0693693,dischage
1592.642422,1.0686781,dischage
1593.107444,1.0679868,dischage
1593.572464,1.0672652,dischage
1594.037474,1.0666541,dischage
1594.502482,1.0659132,dischage
1594.967491,1.0652794,dischage
1595.432502,1.0646492,dischage
1595.89751,1.0639733,dischage
1596.36252,1.0633049,dischage
1596.827526,1.0625947,dischage
1597.292531,1.0618576,dischage
1597.757537,1.061151,dischage
1598.22255,1.0604446,dischage
1598.687559,1.0598184,dischage
1599.152561,1.0591042,dischage
1599.617562,1.0584664,dischage
1600.082568,1.0577255,dischage
1600.547576,1.0569541,dischage
1601.012584,1.0562515,dischage
1601.477591,1.0554572,dischage
1601.942596,1.0548462,dischage
1602.407607,1.0539563,dischage
1602.872617,1.053353,dischage
1603.337627,1.052635,dischage
1603.802626,1.0518942,dischage
1604.26762,1.0511992,dischage
1604.732614,1.0504965,dischage
1605.197619,1.0497174,dischage
1605.662629,1.0489154,dischage
1606.127642,1.0481708,dischage
1606.592657,1.0474681,dischage
1607.057667,1.0467998,dischage
1607.522682,1.0459749,dischage
1607.987699,1.045215,dischage
1608.452712,1.0443977,dischage
1608.917728,1.043718,dischage
1609.382741,1.0428435,dischage
1609.847754,1.0421599,dischage
1610.312765,1.0413655,dischage
1610.777779,1.0405865,dischage
1611.242801,1.0397311,dischage
1611.707809,1.0390551,dischage
1612.17282,1.0381653,dischage
1612.637828,1.0375391,dischage
1613.102831,1.0367752,dischage
1613.567825,1.0358243,dischage
1614.032811,1.0351255,dischage
1614.497795,1.0343465,dischage
1614.962789,1.0334643,dischage
1615.427798,1.0326929,dischage
1615.892802,1.0319062,dischage
1616.357819,1.0310432,dischage
1616.822826,1.0302335,dischage
1617.287835,1.02942,dischage
1617.752844,1.0286678,dischage
1618.217853,1.0276558,dischage
1618.682856,1.0268883,dischage
1619.147864,1.026155,dischage
1619.612863,1.0252309,dischage
1620.07786,1.0244365,dischage
1620.542861,1.0235084,dischage
1621.007863,1.0227906,dischage
1621.472865,1.0219046,dischage
1621.937869,1.0211408,dischage
1622.402871,1.0202892,dischage
1622.867871,1.0193651,dischage
1623.332872,1.018437,dischage
1623.797868,1.0175817,dischage
1624.262865,1.0167339,dischage
1624.727867,1.0157982,dischage
1625.192864,1.0148931,dischage
1625.657864,1.0140263,dischage
1626.122866,1.0131708,dischage
1626.587861,1.0122811,dischage
1627.052853,1.011353,dischage
1627.517839,1.0104671,dischage
1627.982824,1.0094589,dischage
1628.447818,1.0086799,dischage
1628.912807,1.0078206,dischage
1629.377801,1.0068353,dischage
1629.842808,1.0060258,dischage
1630.307818,1.0049565,dischage
1630.77281,1.0041316,dischage
1631.237798,1.0031692,dischage
1631.702787,1.0022985,dischage
1632.167778,1.001256,dischage
1632.632772,1.0003775,dischage
1633.097772,0.99945343,dischage
1633.562767,0.99841851,dischage
1634.027757,0.99745238,dischage
1634.492762,0.99660075,dischage
1634.957766,0.99553907,dischage
1635.422768,0.99449652,dischage
1635.887758,0.99367166,dischage
1636.352755,0.99266726,dischage
1636.817753,0.99167436,dischage
1637.28274,0.99068147,dischage
1637.74773,0.98974586,dischage
1638.212716,0.98876441,dischage
1638.677699,0.98777151,dischage
1639.142684,0.98675567,dischage
1639.607677,0.98562151,dischage
1640.072672,0.98460567,dischage
1640.537662,0.98359746,dischage
1641.002664,0.98259312,dischage
1641.467664,0.98148566,dischage
1641.932656,0.98060346,dischage
1642.397649,0.97953421,dischage
1642.862631,0.97849929,dischage
1643.327623,0.97739565,dischage
1643.792624,0.97636074,dischage
1644.257626,0.97529906,dischage
1644.722617,0.97423744,dischage
1645.187603,0.97319108,dischage
1645.652593,0.9721638,dischage
1646.117577,0.97095323,dischage
1646.58256,0.9698801,dischage
1647.047543,0.9689101,dischage
1647.512517,0.96773005,dischage
1647.977495,0.9667868,dischage
1648.442472,0.96554571,dischage
1648.907447,0.96451074,dischage
1649.372431,0.96340328,dischage
1649.837412,0.96224236,dischage
1650.302395,0.9611845,dischage
1650.767384,0.959993,dischage
1651.232377,0.95889318,dischage
1651.697372,0.9577437,dischage
1652.162365,0.95662862,dischage
1652.627357,0.95551729,dischage
1653.092346,0.95430672,dischage
1653.55734,0.9531458,dischage
1654.022336,0.9520154,dischage
1654.487333,0.95076662,dischage
1654.952339,0.94959426,dischage
1655.417345,0.94847149,dischage
1655.882356,0.94732201,dischage
1656.34736,0.94606179,dischage
1656.812359,0.94493908,dischage
1657.27736,0.94372463,dischage
1657.742359,0.94243008,dischage
1658.207354,0.94129968,dischage
1658.672343,0.93996304,dischage
1659.137336,0.93880594,dischage
1659.602331,0.93764883,dischage
1660.067321,0.93633133,dischage
1660.532311,0.93511695,dischage
1660.997296,0.93390256,dischage
1661.462283,0.93269193,dischage
1661.927274,0.93127519,dischage
1662.392274,0.93015242,dischage
1662.857272,0.9289571,dischage
1663.322267,0.92765486,dischage
1663.787264,0.92631441,dischage
1664.252261,0.92512292,dischage
1664.717249,0.92374057,dischage
1665.182233,0.9224841,dischage
1665.647214,0.92115897,dischage
1666.1122,0.91986048,dischage
1666.577188,0.91852778,dischage
1667.042181,0.91719496,dischage
1667.507179,0.91591948,dischage
1667.972178,0.91455233,dischage
1668.437175,0.91315079,dischage
1668.90218,0.91178745,dischage
1669.367181,0.91049284,dischage
1669.832178,0.90907604,dischage
1670.297173,0.90768218,dischage
1670.762165,0.90631115,dischage
1671.227157,0.90498602,dischage
1671.692138,0.90363413,dischage
1672.157113,0.90208751,dischage
1672.622081,0.90071654,dischage
1673.087057,0.89932263,dischage
1673.552036,0.89779514,dischage
1674.017008,0.89641267,dischage
1674.481978,0.89503789,dischage
1674.946941,0.89355612,dischage
1675.411916,0.89206296,dischage
1675.876884,0.8907302,dischage
1676.341861,0.88927519,dischage
1676.806837,0.88779348,dischage
1677.271817,0.88631177,dischage
1677.736794,0.88487589,dischage
1678.20177,0.883398,dischage
1678.666749,0.88185138,dischage
1679.131735,0.88032383,dischage
1679.59673,0.87883443,dischage
1680.061727,0.87733364,dischage
1680.526731,0.87575644,dischage
1680.991714,0.8742938,dischage
1681.456705,0.87280059,dischage
1681.9217,0.87117755,dischage
1682.3867,0.86963475,dischage
1682.851697,0.86801171,dischage
1683.316704,0.86663693,dischage
1683.781705,0.8647657,dischage
1684.246699,0.86339474,dischage
1684.711692,0.86174119,dischage
1685.176692,0.86013341,dischage
1685.641694,0.8585524,dischage
1686.10669,0.85689503,dischage
1686.571681,0.85527581,dischage
1687.036676,0.85368335,dischage
1687.501666,0.8521176,dischage
1687.966655,0.8505137,dischage
1688.431643,0.84893268,dischage
1688.896639,0.84716833,dischage
1689.361622,0.84550333,dischage
1689.826611,0.8438803,dischage
1690.291602,0.84220004,dischage
1690.756602,0.84047383,dischage
1691.221606,0.83874011,dischage
1691.686599,0.83709413,dischage
1692.151587,0.83541006,dischage
1692.616576,0.83358842,dischage
1693.081565,0.83202654,dischage
1693.546556,0.8302393,dischage
1694.011545,0.82853609,dischage
1694.476532,0.82675266,dischage
1694.941522,0.82508004,dischage
1695.406501,0.82321638,dischage
1695.87149,0.82151324,dischage
1696.33648,0.81969541,dischage
1696.80147,0.81788909,dischage
1697.266466,0.81626225,dischage
1697.731465,0.81439483,dischage
1698.196465,0.81269163,dischage
1698.661466,0.81077069,dischage
1699.126466,0.80904841,dischage
1699.591474,0.80725735,dischage
1700.056474,0.80543196,dischage
1700.521475,0.80362558,dischage
1700.986473,0.80184597,dischage
1701.451477,0.79993278,dischage
1701.916463,0.79810351,dischage
1702.381452,0.7962628,dischage
1702.846448,0.79448706,dischage
1703.311442,0.7925089,dischage
1703.776432,0.79062998,dischage
1704.241436,0.78888857,dischage
1704.706437,0.78697914,dischage
1705.171431,0.78507733,dischage
1705.636426,0.78318703,dischage
1706.101424,0.78123176,dischage
1706.566433,0.77930701,dischage
1707.03144,0.77740526,dischage
1707.496441,0.77554929,dischage
1707.961436,0.773678,dischage
1708.426429,0.77184874,dischage
1708.89142,0.76975983,dischage
1709.356414,0.76790011,dischage
1709.821413,0.76585698,dischage
1710.286417,0.76399338,dischage
1710.751425,0.76205337,dischage
1711.216433,0.76012868,dischage
1711.68144,0.75816578,dischage
1712.146438,0.75610739,dischage
1712.611437,0.75429726,dischage
1713.076428,0.75217783,dischage
1713.54141,0.75030655,dischage
1714.006399,0.74840093,dischage
1714.471392,0.74644947,dischage
1714.936389,0.7443797,dischage
1715.401382,0.7423901,dischage
1715.866376,0.74049217,dischage
1716.331362,0.73841846,dischage
1716.796347,0.7365014,dischage
1717.261334,0.73442388,dischage
1717.726324,0.73241526,dischage
1718.191309,0.73048663,dischage
1718.656287,0.72845495,dischage
1719.12127,0.72642332,dischage
1719.586257,0.72455591,dischage
1720.051257,0.72247851,dischage
1720.516259,0.7204622,dischage
1720.98126,0.71849537,dischage
1721.446251,0.71639502,dischage
1721.911234,0.71445888,dischage
1722.376206,0.71248066,dischage
1722.841182,0.71045667,dischage
1723.306163,0.70847082,dischage
1723.771145,0.70645064,dischage
1724.236129,0.70441133,dischage
1724.701111,0.70237976,dischage
1725.166099,0.70042068,dischage
1725.631093,0.69845402,dischage
1726.096083,0.69640708,dischage
1726.561078,0.6944977,dischage
1727.026084,0.69250804,dischage
1727.491084,0.69041908,dischage
1727.956087,0.6884982,dischage
1728.421091,0.68645507,dischage
1728.886096,0.68449223,dischage
1729.351098,0.68250257,dischage
1729.816095,0.68035251,dischage
1730.281088,0.67842782,dischage
1730.746084,0.67646492,dischage
1731.211087,0.67444092,dischage
1731.676089,0.67256588,dischage
1732.141086,0.67049599,dischage
1732.60608,0.66856748,dischage
1733.071078,0.66655874,dischage
1733.536075,0.66461498,dischage
1734.001071,0.6626215,dischage
1734.466063,0.66057074,dischage
1734.931064,0.65889812,dischage
1735.396071,0.65685111,dischage
1735.861079,0.65494561,dischage
1736.326079,0.65301329,dischage
1736.791077,0.65111142,dischage
1737.256075,0.64914089,dischage
1737.721062,0.64726967,dischage
1738.186043,0.64532965,dischage
1738.651029,0.64346224,dischage
1739.116015,0.64144588,dischage
1739.580995,0.63963962,dischage
1740.045981,0.6376996,dischage
1740.510977,0.63590473,dischage
1740.975973,0.63402969,dischage
1741.440971,0.63212025,dischage
1741.905966,0.63025278,dischage
1742.37096,0.62836629,dischage
1742.835957,0.62648362,dischage
1743.300946,0.62472308,dischage
1743.765951,0.62294734,dischage
1744.230952,0.62110269,dischage
1744.695954,0.61920476,dischage
1745.160961,0.61740232,dischage
1745.625972,0.61557305,dischage
1746.090975,0.61383927,dischage
1746.555976,0.61202151,dischage
1747.02098,0.61023432,dischage
1747.485989,0.60843557,dischage
1747.951,0.60664457,dischage
1748.416004,0.60494131,dischage
1748.881003,0.60320753,dischage
1749.346003,0.60140502,dischage
1749.724001,0.59977812,dischage
1749.724011,0.60005695,dischage
1749.724011,0.61655152,dischage
1749.724011,0.63642877,dischage